student_id,starting_major,ending_major,starting_division,ending_division,switched_division,switched_major
1,FREN,FREN,HUM,HUM,FALSE,FALSE
2,GSWS,GSWS,SOC,SOC,FALSE,FALSE
3,POLI,POLI,SOC,SOC,FALSE,FALSE
4,PHIL,PHIL,HUM,HUM,FALSE,FALSE
5,MATH,MATH,NAT,NAT,FALSE,FALSE
6,CHEM,CHEM,NAT,NAT,FALSE,FALSE
7,RHET,RHET,HUM,HUM,FALSE,FALSE
8,ECON,ECON,SOC,SOC,FALSE,FALSE
9,MATH,MATH,NAT,NAT,FALSE,FALSE
10,ENGL,ENGL,HUM,HUM,FALSE,FALSE
11,BIOL,BIOL,NAT,NAT,FALSE,FALSE
12,ENGL,ENGL,HUM,HUM,FALSE,FALSE
13,GSWS,GSWS,SOC,SOC,FALSE,FALSE
14,POLI,POLI,SOC,SOC,FALSE,FALSE
15,BIOL,BIOL,NAT,NAT,FALSE,FALSE
16,GSWS,GSWS,SOC,SOC,FALSE,FALSE
17,MUSC,ART,HUM,HUM,FALSE,TRUE
18,PSYC,PSYC,SOC,SOC,FALSE,FALSE
19,BIOL,BIOL,NAT,NAT,FALSE,FALSE
20,SOCI,POLI,SOC,SOC,FALSE,TRUE
21,ARTH,ARTH,HUM,HUM,FALSE,FALSE
22,ECON,MATH,SOC,NAT,TRUE,TRUE
23,CLAS,CLAS,HUM,HUM,FALSE,FALSE
24,ASIA,ASIA,HUM,HUM,FALSE,FALSE
25,PSYC,PSYC,SOC,SOC,FALSE,FALSE
26,CHEM,CHEM,NAT,NAT,FALSE,FALSE
27,ENVI,ENVI,NAT,NAT,FALSE,FALSE
28,ARTH,ARTH,HUM,HUM,FALSE,FALSE
29,BIOL,BIOL,NAT,NAT,FALSE,FALSE
30,NEUR,NEUR,APP,APP,FALSE,FALSE
31,RHET,RHET,HUM,HUM,FALSE,FALSE
32,PHIL,PHIL,HUM,HUM,FALSE,FALSE
33,ENVI,ENVI,NAT,NAT,FALSE,FALSE
34,ENGL,ENGL,HUM,HUM,FALSE,FALSE
35,PSYC,PSYC,SOC,SOC,FALSE,FALSE
36,PHIL,PHIL,HUM,HUM,FALSE,FALSE
37,PSYC,PSYC,SOC,SOC,FALSE,FALSE
38,ECON,POLI,SOC,SOC,FALSE,TRUE
39,ARTH,ASIA,HUM,HUM,FALSE,TRUE
40,HIST,POLI,SOC,SOC,FALSE,TRUE
41,ENVI,ENVI,NAT,NAT,FALSE,FALSE
42,BIOL,BIOL,NAT,NAT,FALSE,FALSE
43,PSYC,PSYC,SOC,SOC,FALSE,FALSE
44,RELI,RELI,HUM,HUM,FALSE,FALSE
45,BIOL,BIOL,NAT,NAT,FALSE,FALSE
46,ART,ARTH,HUM,HUM,FALSE,TRUE
47,ANTH,ANTH,SOC,SOC,FALSE,FALSE
48,MATH,CSCI,NAT,APP,TRUE,TRUE
49,RELI,RELI,HUM,HUM,FALSE,FALSE
50,HIST,HIST,SOC,SOC,FALSE,FALSE
51,POLI,POLI,SOC,SOC,FALSE,FALSE
52,ENVI,POLI,NAT,SOC,TRUE,TRUE
53,ENVI,ENVI,NAT,NAT,FALSE,FALSE
54,CSCI,MATH,APP,NAT,TRUE,TRUE
55,PSYC,PSYC,SOC,SOC,FALSE,FALSE
56,RHET,RHET,HUM,HUM,FALSE,FALSE
57,MATH,MATH,NAT,NAT,FALSE,FALSE
58,ECON,ECON,SOC,SOC,FALSE,FALSE
59,POLI,POLI,SOC,SOC,FALSE,FALSE
60,CHEM,CHEM,NAT,NAT,FALSE,FALSE
61,MATH,ASDS,NAT,APP,TRUE,TRUE
62,MUSC,MUSC,HUM,HUM,FALSE,FALSE
63,PHYS,PHYS,NAT,NAT,FALSE,FALSE
64,SOCI,ASDS,SOC,APP,TRUE,TRUE
65,NEUR,NEUR,APP,APP,FALSE,FALSE
66,ECON,ECON,SOC,SOC,FALSE,FALSE
67,POLI,POLI,SOC,SOC,FALSE,FALSE
68,PHIL,PHIL,HUM,HUM,FALSE,FALSE
69,ENGL,ENGL,HUM,HUM,FALSE,FALSE
70,POLI,POLI,SOC,SOC,FALSE,FALSE
71,PSYC,PSYC,SOC,SOC,FALSE,FALSE
72,ECON,ECON,SOC,SOC,FALSE,FALSE
73,ECON,ECON,SOC,SOC,FALSE,FALSE
74,CHEM,CHEM,NAT,NAT,FALSE,FALSE
75,ECON,ECON,SOC,SOC,FALSE,FALSE
76,ENGL,PHIL,HUM,HUM,FALSE,TRUE
77,PSYC,PSYC,SOC,SOC,FALSE,FALSE
78,ENVI,ENVI,NAT,NAT,FALSE,FALSE
79,CHEM,CHEM,NAT,NAT,FALSE,FALSE
80,PSYC,PSYC,SOC,SOC,FALSE,FALSE
81,SOCI,SOCI,SOC,SOC,FALSE,FALSE
82,ECON,ECON,SOC,SOC,FALSE,FALSE
83,ENVI,ENVI,NAT,NAT,FALSE,FALSE
84,MATH,MATH,NAT,NAT,FALSE,FALSE
85,PHYS,MATH,NAT,NAT,FALSE,TRUE
86,SOCI,ASDS,SOC,APP,TRUE,TRUE
87,POLI,POLI,SOC,SOC,FALSE,FALSE
88,PSYC,PSYC,SOC,SOC,FALSE,FALSE
89,PSYC,PSYC,SOC,SOC,FALSE,FALSE
90,POLI,ASDS,SOC,APP,TRUE,TRUE
91,MATH,MATH,NAT,NAT,FALSE,FALSE
92,PSYC,PSYC,SOC,SOC,FALSE,FALSE
93,ECON,ECON,SOC,SOC,FALSE,FALSE
94,SPAN,SPAN,HUM,HUM,FALSE,FALSE
95,SPAN,SPAN,HUM,HUM,FALSE,FALSE
96,RHET,RHET,HUM,HUM,FALSE,FALSE
97,POLI,POLI,SOC,SOC,FALSE,FALSE
98,CHEM,CHEM,NAT,NAT,FALSE,FALSE
99,RHET,RHET,HUM,HUM,FALSE,FALSE
100,HIST,HIST,SOC,SOC,FALSE,FALSE
101,HIST,HIST,SOC,SOC,FALSE,FALSE
102,ECON,ECON,SOC,SOC,FALSE,FALSE
103,ECON,ECON,SOC,SOC,FALSE,FALSE
104,ENVI,ENVI,NAT,NAT,FALSE,FALSE
105,GSWS,GSWS,SOC,SOC,FALSE,FALSE
106,ART,ART,HUM,HUM,FALSE,FALSE
107,RHET,POLI,HUM,SOC,TRUE,TRUE
108,RHET,RHET,HUM,HUM,FALSE,FALSE
109,SOCI,SOCI,SOC,SOC,FALSE,FALSE
110,PSYC,NEUR,SOC,APP,TRUE,TRUE
111,HIST,HIST,SOC,SOC,FALSE,FALSE
112,NEUR,NEUR,APP,APP,FALSE,FALSE
113,RHET,POLI,HUM,SOC,TRUE,TRUE
114,BIOL,BIOL,NAT,NAT,FALSE,FALSE
115,SOCI,SOCI,SOC,SOC,FALSE,FALSE
116,SOCI,SOCI,SOC,SOC,FALSE,FALSE
117,PSYC,PSYC,SOC,SOC,FALSE,FALSE
118,ENVI,ENVI,NAT,NAT,FALSE,FALSE
119,HIST,ENGL,SOC,HUM,TRUE,TRUE
120,PHIL,HIST,HUM,SOC,TRUE,TRUE
121,ENVI,ENVI,NAT,NAT,FALSE,FALSE
122,ENVI,ENVI,NAT,NAT,FALSE,FALSE
123,SOCI,SOCI,SOC,SOC,FALSE,FALSE
124,HIST,ENGL,SOC,HUM,TRUE,TRUE
125,ENGL,ENGL,HUM,HUM,FALSE,FALSE
126,ENVI,ENVI,NAT,NAT,FALSE,FALSE
127,FREN,FREN,HUM,HUM,FALSE,FALSE
128,ART,ARTH,HUM,HUM,FALSE,TRUE
129,POLI,POLI,SOC,SOC,FALSE,FALSE
130,ENGL,ENGL,HUM,HUM,FALSE,FALSE
131,ARTH,ARTH,HUM,HUM,FALSE,FALSE
132,HIST,ENGL,SOC,HUM,TRUE,TRUE
133,HIST,HIST,SOC,SOC,FALSE,FALSE
134,GSWS,GSWS,SOC,SOC,FALSE,FALSE
135,NEUR,NEUR,APP,APP,FALSE,FALSE
136,SOCI,SOCI,SOC,SOC,FALSE,FALSE
137,PHIL,PHIL,HUM,HUM,FALSE,FALSE
138,PSYC,PSYC,SOC,SOC,FALSE,FALSE
139,PHYS,PHYS,NAT,NAT,FALSE,FALSE
140,HIST,ENGL,SOC,HUM,TRUE,TRUE
141,ECON,ECON,SOC,SOC,FALSE,FALSE
142,PSYC,PSYC,SOC,SOC,FALSE,FALSE
143,BIOL,BIOL,NAT,NAT,FALSE,FALSE
144,PHYS,PHYS,NAT,NAT,FALSE,FALSE
145,RHET,RHET,HUM,HUM,FALSE,FALSE
146,PHIL,ENGL,HUM,HUM,FALSE,TRUE
147,ECON,ECON,SOC,SOC,FALSE,FALSE
148,GSWS,GSWS,SOC,SOC,FALSE,FALSE
149,POLI,POLI,SOC,SOC,FALSE,FALSE
150,ECON,ECON,SOC,SOC,FALSE,FALSE
151,ENGL,ENGL,HUM,HUM,FALSE,FALSE
152,POLI,POLI,SOC,SOC,FALSE,FALSE
153,PHYS,PHYS,NAT,NAT,FALSE,FALSE
154,ENVI,ENVI,NAT,NAT,FALSE,FALSE
155,MATH,MATH,NAT,NAT,FALSE,FALSE
156,PHYS,PHYS,NAT,NAT,FALSE,FALSE
157,ECON,ECON,SOC,SOC,FALSE,FALSE
158,PSYC,ASDS,SOC,APP,TRUE,TRUE
159,ECON,CSCI,SOC,APP,TRUE,TRUE
160,MATH,ASDS,NAT,APP,TRUE,TRUE
161,GSWS,GSWS,SOC,SOC,FALSE,FALSE
162,SOCI,SOCI,SOC,SOC,FALSE,FALSE
163,HIST,HIST,SOC,SOC,FALSE,FALSE
164,ECON,MATH,SOC,NAT,TRUE,TRUE
165,SOCI,SOCI,SOC,SOC,FALSE,FALSE
166,ECON,ECON,SOC,SOC,FALSE,FALSE
167,BIOL,BIOL,NAT,NAT,FALSE,FALSE
168,POLI,POLI,SOC,SOC,FALSE,FALSE
169,PSYC,PSYC,SOC,SOC,FALSE,FALSE
170,ECON,ECON,SOC,SOC,FALSE,FALSE
171,RHET,RHET,HUM,HUM,FALSE,FALSE
172,ENVI,ENVI,NAT,NAT,FALSE,FALSE
173,BIOL,BIOL,NAT,NAT,FALSE,FALSE
174,CHEM,MATH,NAT,NAT,FALSE,TRUE
175,BIOL,NEUR,NAT,APP,TRUE,TRUE
176,ECON,ECON,SOC,SOC,FALSE,FALSE
177,PHIL,PHIL,HUM,HUM,FALSE,FALSE
178,HIST,CLAS,SOC,HUM,TRUE,TRUE
179,CSCI,CSCI,APP,APP,FALSE,FALSE
180,PHYS,PHYS,NAT,NAT,FALSE,FALSE
181,FREN,FREN,HUM,HUM,FALSE,FALSE
182,THEA,THEA,HUM,HUM,FALSE,FALSE
183,POLI,POLI,SOC,SOC,FALSE,FALSE
184,POLI,POLI,SOC,SOC,FALSE,FALSE
185,RHET,RHET,HUM,HUM,FALSE,FALSE
186,RHET,RHET,HUM,HUM,FALSE,FALSE
187,FREN,FREN,HUM,HUM,FALSE,FALSE
188,CSCI,CSCI,APP,APP,FALSE,FALSE
189,ECON,ECON,SOC,SOC,FALSE,FALSE
190,POLI,POLI,SOC,SOC,FALSE,FALSE
191,ECON,ECON,SOC,SOC,FALSE,FALSE
192,PHYS,PHYS,NAT,NAT,FALSE,FALSE
193,ECON,ECON,SOC,SOC,FALSE,FALSE
194,ECON,ECON,SOC,SOC,FALSE,FALSE
195,PSYC,PSYC,SOC,SOC,FALSE,FALSE
196,PSYC,PSYC,SOC,SOC,FALSE,FALSE
197,SOCI,ANTH,SOC,SOC,FALSE,TRUE
198,PSYC,ASDS,SOC,APP,TRUE,TRUE
199,RHET,RHET,HUM,HUM,FALSE,FALSE
200,RHET,RHET,HUM,HUM,FALSE,FALSE
201,ANTH,ANTH,SOC,SOC,FALSE,FALSE
202,CHEM,CHEM,NAT,NAT,FALSE,FALSE
203,NEUR,NEUR,APP,APP,FALSE,FALSE
204,BIOL,BIOL,NAT,NAT,FALSE,FALSE
205,ECON,MATH,SOC,NAT,TRUE,TRUE
206,BIOL,BIOL,NAT,NAT,FALSE,FALSE
207,RELI,RELI,HUM,HUM,FALSE,FALSE
208,CHEM,CHEM,NAT,NAT,FALSE,FALSE
209,POLI,POLI,SOC,SOC,FALSE,FALSE
210,POLI,POLI,SOC,SOC,FALSE,FALSE
211,SOCI,SOCI,SOC,SOC,FALSE,FALSE
212,MATH,MATH,NAT,NAT,FALSE,FALSE
213,POLI,POLI,SOC,SOC,FALSE,FALSE
214,PSYC,NEUR,SOC,APP,TRUE,TRUE
215,BIOL,BIOL,NAT,NAT,FALSE,FALSE
216,NEUR,NEUR,APP,APP,FALSE,FALSE
217,SOCI,SOCI,SOC,SOC,FALSE,FALSE
218,ENVI,ENVI,NAT,NAT,FALSE,FALSE
219,SOCI,SOCI,SOC,SOC,FALSE,FALSE
220,ARTH,ARTH,HUM,HUM,FALSE,FALSE
221,CHEM,CHEM,NAT,NAT,FALSE,FALSE
222,ECON,ECON,SOC,SOC,FALSE,FALSE
223,SOCI,SOCI,SOC,SOC,FALSE,FALSE
224,ART,ART,HUM,HUM,FALSE,FALSE
225,POLI,POLI,SOC,SOC,FALSE,FALSE
226,PHIL,PHIL,HUM,HUM,FALSE,FALSE
227,POLI,POLI,SOC,SOC,FALSE,FALSE
228,ECON,ECON,SOC,SOC,FALSE,FALSE
229,PSYC,NEUR,SOC,APP,TRUE,TRUE
230,POLI,POLI,SOC,SOC,FALSE,FALSE
231,ENVI,ENVI,NAT,NAT,FALSE,FALSE
232,ECON,ECON,SOC,SOC,FALSE,FALSE
233,POLI,POLI,SOC,SOC,FALSE,FALSE
234,PSYC,PSYC,SOC,SOC,FALSE,FALSE
235,AFAM,ENGL,SOC,HUM,TRUE,TRUE
236,CSCI,ASDS,APP,APP,FALSE,TRUE
237,PSYC,PSYC,SOC,SOC,FALSE,FALSE
238,THEA,THEA,HUM,HUM,FALSE,FALSE
239,SOCI,SOCI,SOC,SOC,FALSE,FALSE
240,BIOL,BIOL,NAT,NAT,FALSE,FALSE
241,PSYC,PSYC,SOC,SOC,FALSE,FALSE
242,SOCI,ANTH,SOC,SOC,FALSE,TRUE
243,PSYC,NEUR,SOC,APP,TRUE,TRUE
244,ECON,MATH,SOC,NAT,TRUE,TRUE
245,SOCI,SOCI,SOC,SOC,FALSE,FALSE
246,CHEM,CHEM,NAT,NAT,FALSE,FALSE
247,ECON,ECON,SOC,SOC,FALSE,FALSE
248,ECON,ECON,SOC,SOC,FALSE,FALSE
249,CHEM,CHEM,NAT,NAT,FALSE,FALSE
250,GSWS,GSWS,SOC,SOC,FALSE,FALSE
251,POLI,POLI,SOC,SOC,FALSE,FALSE
252,ECON,ECON,SOC,SOC,FALSE,FALSE
253,POLI,POLI,SOC,SOC,FALSE,FALSE
254,CHEM,CHEM,NAT,NAT,FALSE,FALSE
255,PSYC,PSYC,SOC,SOC,FALSE,FALSE
256,CSCI,CSCI,APP,APP,FALSE,FALSE
257,PSYC,PSYC,SOC,SOC,FALSE,FALSE
258,SOCI,SOCI,SOC,SOC,FALSE,FALSE
259,SOCI,SOCI,SOC,SOC,FALSE,FALSE
260,HIST,HIST,SOC,SOC,FALSE,FALSE
261,ENGL,ENGL,HUM,HUM,FALSE,FALSE
262,ECON,ECON,SOC,SOC,FALSE,FALSE
263,POLI,POLI,SOC,SOC,FALSE,FALSE
264,ASIA,ASIA,HUM,HUM,FALSE,FALSE
265,CHEM,CHEM,NAT,NAT,FALSE,FALSE
266,ECON,ECON,SOC,SOC,FALSE,FALSE
267,THEA,THEA,HUM,HUM,FALSE,FALSE
268,ECON,MATH,SOC,NAT,TRUE,TRUE
269,SPAN,SPAN,HUM,HUM,FALSE,FALSE
270,ANTH,ANTH,SOC,SOC,FALSE,FALSE
271,ECON,ECON,SOC,SOC,FALSE,FALSE
272,CSCI,CSCI,APP,APP,FALSE,FALSE
273,BIOL,BIOL,NAT,NAT,FALSE,FALSE
274,ECON,ECON,SOC,SOC,FALSE,FALSE
275,ANTH,ANTH,SOC,SOC,FALSE,FALSE
276,POLI,ECON,SOC,SOC,FALSE,TRUE
277,POLI,POLI,SOC,SOC,FALSE,FALSE
278,ENVI,ENVI,NAT,NAT,FALSE,FALSE
279,CHEM,CHEM,NAT,NAT,FALSE,FALSE
280,ENVI,ENVI,NAT,NAT,FALSE,FALSE
281,BIOL,BIOL,NAT,NAT,FALSE,FALSE
282,PSYC,PSYC,SOC,SOC,FALSE,FALSE
283,ECON,ECON,SOC,SOC,FALSE,FALSE
284,MUSC,MUSC,HUM,HUM,FALSE,FALSE
285,POLI,POLI,SOC,SOC,FALSE,FALSE
286,ECON,ECON,SOC,SOC,FALSE,FALSE
287,CHEM,CHEM,NAT,NAT,FALSE,FALSE
288,PSYC,PSYC,SOC,SOC,FALSE,FALSE
289,POLI,POLI,SOC,SOC,FALSE,FALSE
290,PSYC,PSYC,SOC,SOC,FALSE,FALSE
291,THEA,THEA,HUM,HUM,FALSE,FALSE
292,RHET,RHET,HUM,HUM,FALSE,FALSE
293,POLI,POLI,SOC,SOC,FALSE,FALSE
294,ENVI,ENVI,NAT,NAT,FALSE,FALSE
295,POLI,POLI,SOC,SOC,FALSE,FALSE
296,PSYC,PSYC,SOC,SOC,FALSE,FALSE
297,PHYS,PHYS,NAT,NAT,FALSE,FALSE
298,HIST,HIST,SOC,SOC,FALSE,FALSE
299,ECON,ECON,SOC,SOC,FALSE,FALSE
300,PSYC,PSYC,SOC,SOC,FALSE,FALSE
301,CHEM,CHEM,NAT,NAT,FALSE,FALSE
302,BIOL,BIOL,NAT,NAT,FALSE,FALSE
303,PSYC,PSYC,SOC,SOC,FALSE,FALSE
304,POLI,POLI,SOC,SOC,FALSE,FALSE
305,ANTH,ANTH,SOC,SOC,FALSE,FALSE
306,SPAN,SPAN,HUM,HUM,FALSE,FALSE
307,ENVI,ENVI,NAT,NAT,FALSE,FALSE
308,ECON,ECON,SOC,SOC,FALSE,FALSE
309,POLI,POLI,SOC,SOC,FALSE,FALSE
310,POLI,POLI,SOC,SOC,FALSE,FALSE
311,PSYC,PSYC,SOC,SOC,FALSE,FALSE
312,MUSC,MUSC,HUM,HUM,FALSE,FALSE
313,CHEM,CHEM,NAT,NAT,FALSE,FALSE
314,PSYC,PSYC,SOC,SOC,FALSE,FALSE
315,ECON,ECON,SOC,SOC,FALSE,FALSE
316,SPAN,ENGL,HUM,HUM,FALSE,TRUE
317,POLI,POLI,SOC,SOC,FALSE,FALSE
318,MATH,CSCI,NAT,APP,TRUE,TRUE
319,ARTH,ARTH,HUM,HUM,FALSE,FALSE
320,CLAS,ENGL,HUM,HUM,FALSE,TRUE
321,BIOL,BIOL,NAT,NAT,FALSE,FALSE
322,ENVI,BIOL,NAT,NAT,FALSE,TRUE
323,ECON,ECON,SOC,SOC,FALSE,FALSE
324,POLI,POLI,SOC,SOC,FALSE,FALSE
325,SOCI,SOCI,SOC,SOC,FALSE,FALSE
326,GSWS,GSWS,SOC,SOC,FALSE,FALSE
327,ENVI,BIOL,NAT,NAT,FALSE,TRUE
328,NEUR,NEUR,APP,APP,FALSE,FALSE
329,ENGL,ENGL,HUM,HUM,FALSE,FALSE
330,RHET,RHET,HUM,HUM,FALSE,FALSE
331,SPAN,ENGL,HUM,HUM,FALSE,TRUE
332,PSYC,PSYC,SOC,SOC,FALSE,FALSE
333,ECON,ECON,SOC,SOC,FALSE,FALSE
334,ENVI,ENVI,NAT,NAT,FALSE,FALSE
335,MATH,MATH,NAT,NAT,FALSE,FALSE
336,CHEM,CHEM,NAT,NAT,FALSE,FALSE
337,SOCI,SOCI,SOC,SOC,FALSE,FALSE
338,POLI,POLI,SOC,SOC,FALSE,FALSE
339,PHIL,PHIL,HUM,HUM,FALSE,FALSE
340,POLI,POLI,SOC,SOC,FALSE,FALSE
341,ENVI,ENVI,NAT,NAT,FALSE,FALSE
342,PSYC,PSYC,SOC,SOC,FALSE,FALSE
343,CSCI,CSCI,APP,APP,FALSE,FALSE
344,ENVI,ENVI,NAT,NAT,FALSE,FALSE
345,PSYC,SOCI,SOC,SOC,FALSE,TRUE
346,PSYC,PSYC,SOC,SOC,FALSE,FALSE
347,ASIA,ASIA,HUM,HUM,FALSE,FALSE
348,ENVI,POLI,NAT,SOC,TRUE,TRUE
349,CSCI,CSCI,APP,APP,FALSE,FALSE
350,FREN,FREN,HUM,HUM,FALSE,FALSE
351,BIOL,BIOL,NAT,NAT,FALSE,FALSE
352,SOCI,SOCI,SOC,SOC,FALSE,FALSE
353,PSYC,PSYC,SOC,SOC,FALSE,FALSE
354,ECON,ECON,SOC,SOC,FALSE,FALSE
355,RHET,RHET,HUM,HUM,FALSE,FALSE
356,CHEM,CHEM,NAT,NAT,FALSE,FALSE
357,ENGL,ENGL,HUM,HUM,FALSE,FALSE
358,ASIA,ASIA,HUM,HUM,FALSE,FALSE
359,CHEM,CHEM,NAT,NAT,FALSE,FALSE
360,BIOL,BIOL,NAT,NAT,FALSE,FALSE
361,SOCI,ASDS,SOC,APP,TRUE,TRUE
362,MATH,MATH,NAT,NAT,FALSE,FALSE
363,POLI,POLI,SOC,SOC,FALSE,FALSE
364,MUSC,MUSC,HUM,HUM,FALSE,FALSE
365,MATH,MATH,NAT,NAT,FALSE,FALSE
366,SOCI,ASDS,SOC,APP,TRUE,TRUE
367,HIST,HIST,SOC,SOC,FALSE,FALSE
368,SPAN,SPAN,HUM,HUM,FALSE,FALSE
369,ENVI,ENVI,NAT,NAT,FALSE,FALSE
370,POLI,POLI,SOC,SOC,FALSE,FALSE
371,PSYC,PSYC,SOC,SOC,FALSE,FALSE
372,POLI,ASDS,SOC,APP,TRUE,TRUE
373,PHYS,PHYS,NAT,NAT,FALSE,FALSE
374,PSYC,PSYC,SOC,SOC,FALSE,FALSE
375,ENGL,ENGL,HUM,HUM,FALSE,FALSE
376,RELI,RELI,HUM,HUM,FALSE,FALSE
377,ECON,ECON,SOC,SOC,FALSE,FALSE
378,PSYC,PSYC,SOC,SOC,FALSE,FALSE
379,PSYC,PSYC,SOC,SOC,FALSE,FALSE
380,PHIL,PHIL,HUM,HUM,FALSE,FALSE
381,SOCI,SOCI,SOC,SOC,FALSE,FALSE
382,BIOL,BIOL,NAT,NAT,FALSE,FALSE
383,ENVI,BIOL,NAT,NAT,FALSE,TRUE
384,POLI,POLI,SOC,SOC,FALSE,FALSE
385,HIST,HIST,SOC,SOC,FALSE,FALSE
386,PHIL,PHIL,HUM,HUM,FALSE,FALSE
387,PSYC,PSYC,SOC,SOC,FALSE,FALSE
388,ART,ART,HUM,HUM,FALSE,FALSE
389,ECON,ECON,SOC,SOC,FALSE,FALSE
390,PSYC,PSYC,SOC,SOC,FALSE,FALSE
391,THEA,THEA,HUM,HUM,FALSE,FALSE
392,CHEM,CHEM,NAT,NAT,FALSE,FALSE
393,MATH,MATH,NAT,NAT,FALSE,FALSE
394,ECON,ECON,SOC,SOC,FALSE,FALSE
395,ENGL,ENGL,HUM,HUM,FALSE,FALSE
396,CHEM,CHEM,NAT,NAT,FALSE,FALSE
397,ART,ART,HUM,HUM,FALSE,FALSE
398,ARTH,ASIA,HUM,HUM,FALSE,TRUE
399,SOCI,SOCI,SOC,SOC,FALSE,FALSE
400,PSYC,PSYC,SOC,SOC,FALSE,FALSE
401,PSYC,PSYC,SOC,SOC,FALSE,FALSE
402,CHEM,CHEM,NAT,NAT,FALSE,FALSE
403,HIST,HIST,SOC,SOC,FALSE,FALSE
404,BIOL,BIOL,NAT,NAT,FALSE,FALSE
405,ANTH,ANTH,SOC,SOC,FALSE,FALSE
406,PSYC,PSYC,SOC,SOC,FALSE,FALSE
407,MUSC,MUSC,HUM,HUM,FALSE,FALSE
408,POLI,ECON,SOC,SOC,FALSE,TRUE
409,PSYC,ASDS,SOC,APP,TRUE,TRUE
410,ENVI,ENVI,NAT,NAT,FALSE,FALSE
411,ECON,ECON,SOC,SOC,FALSE,FALSE
412,SOCI,SOCI,SOC,SOC,FALSE,FALSE
413,POLI,POLI,SOC,SOC,FALSE,FALSE
414,ENGL,ENGL,HUM,HUM,FALSE,FALSE
415,ECON,ECON,SOC,SOC,FALSE,FALSE
416,ECON,ECON,SOC,SOC,FALSE,FALSE
417,POLI,POLI,SOC,SOC,FALSE,FALSE
418,PHYS,PHYS,NAT,NAT,FALSE,FALSE
419,BIOL,BIOL,NAT,NAT,FALSE,FALSE
420,PSYC,PSYC,SOC,SOC,FALSE,FALSE
421,PSYC,PSYC,SOC,SOC,FALSE,FALSE
422,CHEM,CHEM,NAT,NAT,FALSE,FALSE
423,MUSC,THEA,HUM,HUM,FALSE,TRUE
424,PHIL,PHIL,HUM,HUM,FALSE,FALSE
425,SOCI,SOCI,SOC,SOC,FALSE,FALSE
426,PSYC,PSYC,SOC,SOC,FALSE,FALSE
427,BIOL,BIOL,NAT,NAT,FALSE,FALSE
428,POLI,POLI,SOC,SOC,FALSE,FALSE
429,ENGL,ENGL,HUM,HUM,FALSE,FALSE
430,CHEM,CHEM,NAT,NAT,FALSE,FALSE
431,CHEM,CHEM,NAT,NAT,FALSE,FALSE
432,SOCI,SOCI,SOC,SOC,FALSE,FALSE
433,BIOL,BIOL,NAT,NAT,FALSE,FALSE
434,PSYC,PSYC,SOC,SOC,FALSE,FALSE
435,SPAN,SPAN,HUM,HUM,FALSE,FALSE
436,PSYC,PSYC,SOC,SOC,FALSE,FALSE
437,BIOL,BIOL,NAT,NAT,FALSE,FALSE
438,ECON,ASDS,SOC,APP,TRUE,TRUE
439,PSYC,SOCI,SOC,SOC,FALSE,TRUE
440,CHEM,CHEM,NAT,NAT,FALSE,FALSE
441,MATH,MATH,NAT,NAT,FALSE,FALSE
442,FREN,FREN,HUM,HUM,FALSE,FALSE
443,ENVI,ENVI,NAT,NAT,FALSE,FALSE
444,NEUR,NEUR,APP,APP,FALSE,FALSE
445,POLI,POLI,SOC,SOC,FALSE,FALSE
446,BIOL,NEUR,NAT,APP,TRUE,TRUE
447,ECON,ECON,SOC,SOC,FALSE,FALSE
448,CSCI,CSCI,APP,APP,FALSE,FALSE
449,MATH,MATH,NAT,NAT,FALSE,FALSE
450,PSYC,PSYC,SOC,SOC,FALSE,FALSE
451,BIOL,BIOL,NAT,NAT,FALSE,FALSE
452,ENVI,ENVI,NAT,NAT,FALSE,FALSE
453,ENGL,ENGL,HUM,HUM,FALSE,FALSE
454,MATH,MATH,NAT,NAT,FALSE,FALSE
455,ENVI,ENVI,NAT,NAT,FALSE,FALSE
456,POLI,POLI,SOC,SOC,FALSE,FALSE
457,POLI,POLI,SOC,SOC,FALSE,FALSE
458,MATH,ASDS,NAT,APP,TRUE,TRUE
459,ARTH,ARTH,HUM,HUM,FALSE,FALSE
460,NEUR,NEUR,APP,APP,FALSE,FALSE
461,ENVI,ENVI,NAT,NAT,FALSE,FALSE
462,PSYC,CSCI,SOC,APP,TRUE,TRUE
463,PHIL,PHIL,HUM,HUM,FALSE,FALSE
464,PSYC,CSCI,SOC,APP,TRUE,TRUE
465,PSYC,PSYC,SOC,SOC,FALSE,FALSE
466,MATH,MATH,NAT,NAT,FALSE,FALSE
467,POLI,SOCI,SOC,SOC,FALSE,TRUE
468,ECON,ECON,SOC,SOC,FALSE,FALSE
469,ENVI,ENVI,NAT,NAT,FALSE,FALSE
470,THEA,THEA,HUM,HUM,FALSE,FALSE
471,ENVI,SOCI,NAT,SOC,TRUE,TRUE
472,PSYC,NEUR,SOC,APP,TRUE,TRUE
473,FREN,FREN,HUM,HUM,FALSE,FALSE
474,ASIA,ASIA,HUM,HUM,FALSE,FALSE
475,CHEM,CHEM,NAT,NAT,FALSE,FALSE
476,BIOL,NEUR,NAT,APP,TRUE,TRUE
477,HIST,HIST,SOC,SOC,FALSE,FALSE
478,ARTH,ARTH,HUM,HUM,FALSE,FALSE
479,ECON,ECON,SOC,SOC,FALSE,FALSE
480,CSCI,CSCI,APP,APP,FALSE,FALSE
481,POLI,HIST,SOC,SOC,FALSE,TRUE
482,SOCI,SOCI,SOC,SOC,FALSE,FALSE
483,NEUR,NEUR,APP,APP,FALSE,FALSE
484,ECON,ECON,SOC,SOC,FALSE,FALSE
485,ARTH,ARTH,HUM,HUM,FALSE,FALSE
486,BIOL,BIOL,NAT,NAT,FALSE,FALSE
487,ARTH,ARTH,HUM,HUM,FALSE,FALSE
488,POLI,POLI,SOC,SOC,FALSE,FALSE
489,PSYC,PSYC,SOC,SOC,FALSE,FALSE
490,PSYC,PSYC,SOC,SOC,FALSE,FALSE
491,MUSC,MUSC,HUM,HUM,FALSE,FALSE
492,CHEM,CHEM,NAT,NAT,FALSE,FALSE
493,NEUR,NEUR,APP,APP,FALSE,FALSE
494,BIOL,BIOL,NAT,NAT,FALSE,FALSE
495,CHEM,CHEM,NAT,NAT,FALSE,FALSE
496,ECON,ECON,SOC,SOC,FALSE,FALSE
497,PHYS,PHYS,NAT,NAT,FALSE,FALSE
498,POLI,POLI,SOC,SOC,FALSE,FALSE
499,ECON,ECON,SOC,SOC,FALSE,FALSE
500,PSYC,PSYC,SOC,SOC,FALSE,FALSE
501,ECON,ASDS,SOC,APP,TRUE,TRUE
502,ECON,ECON,SOC,SOC,FALSE,FALSE
503,CHEM,CHEM,NAT,NAT,FALSE,FALSE
504,PHIL,PHIL,HUM,HUM,FALSE,FALSE
505,PSYC,PSYC,SOC,SOC,FALSE,FALSE
506,ARTH,ARTH,HUM,HUM,FALSE,FALSE
507,SOCI,SOCI,SOC,SOC,FALSE,FALSE
508,ECON,ECON,SOC,SOC,FALSE,FALSE
509,ARTH,ARTH,HUM,HUM,FALSE,FALSE
510,POLI,ASDS,SOC,APP,TRUE,TRUE
511,ECON,ECON,SOC,SOC,FALSE,FALSE
512,PHYS,CHEM,NAT,NAT,FALSE,TRUE
513,ECON,ECON,SOC,SOC,FALSE,FALSE
514,POLI,POLI,SOC,SOC,FALSE,FALSE
515,CHEM,CHEM,NAT,NAT,FALSE,FALSE
516,POLI,POLI,SOC,SOC,FALSE,FALSE
517,ECON,ECON,SOC,SOC,FALSE,FALSE
518,POLI,HIST,SOC,SOC,FALSE,TRUE
519,ENVI,ENVI,NAT,NAT,FALSE,FALSE
520,SOCI,ANTH,SOC,SOC,FALSE,TRUE
521,CSCI,CSCI,APP,APP,FALSE,FALSE
522,SPAN,SPAN,HUM,HUM,FALSE,FALSE
523,PHIL,PHIL,HUM,HUM,FALSE,FALSE
524,ECON,ECON,SOC,SOC,FALSE,FALSE
525,MATH,MATH,NAT,NAT,FALSE,FALSE
526,ENGL,ENGL,HUM,HUM,FALSE,FALSE
527,PSYC,PSYC,SOC,SOC,FALSE,FALSE
528,FREN,FREN,HUM,HUM,FALSE,FALSE
529,CHEM,CHEM,NAT,NAT,FALSE,FALSE
530,POLI,POLI,SOC,SOC,FALSE,FALSE
531,THEA,THEA,HUM,HUM,FALSE,FALSE
532,ECON,ECON,SOC,SOC,FALSE,FALSE
533,CSCI,CSCI,APP,APP,FALSE,FALSE
534,MATH,MATH,NAT,NAT,FALSE,FALSE
535,BIOL,NEUR,NAT,APP,TRUE,TRUE
536,PSYC,PSYC,SOC,SOC,FALSE,FALSE
537,PSYC,PSYC,SOC,SOC,FALSE,FALSE
538,CHEM,CHEM,NAT,NAT,FALSE,FALSE
539,CHEM,BIOL,NAT,NAT,FALSE,TRUE
540,ECON,ECON,SOC,SOC,FALSE,FALSE
541,ENGL,ENGL,HUM,HUM,FALSE,FALSE
542,ART,ART,HUM,HUM,FALSE,FALSE
543,CHEM,CHEM,NAT,NAT,FALSE,FALSE
544,ECON,ECON,SOC,SOC,FALSE,FALSE
545,SOCI,SOCI,SOC,SOC,FALSE,FALSE
546,PHYS,PHYS,NAT,NAT,FALSE,FALSE
547,MATH,MATH,NAT,NAT,FALSE,FALSE
548,ECON,ECON,SOC,SOC,FALSE,FALSE
549,ENVI,ENVI,NAT,NAT,FALSE,FALSE
550,POLI,POLI,SOC,SOC,FALSE,FALSE
551,ARTH,ARTH,HUM,HUM,FALSE,FALSE
552,ECON,ECON,SOC,SOC,FALSE,FALSE
553,MATH,MATH,NAT,NAT,FALSE,FALSE
554,ECON,ECON,SOC,SOC,FALSE,FALSE
555,PSYC,PSYC,SOC,SOC,FALSE,FALSE
556,PSYC,PSYC,SOC,SOC,FALSE,FALSE
557,FREN,FREN,HUM,HUM,FALSE,FALSE
558,POLI,POLI,SOC,SOC,FALSE,FALSE
559,ANTH,ANTH,SOC,SOC,FALSE,FALSE
560,PHYS,PHYS,NAT,NAT,FALSE,FALSE
561,CSCI,MATH,APP,NAT,TRUE,TRUE
562,ECON,MATH,SOC,NAT,TRUE,TRUE
563,PSYC,PSYC,SOC,SOC,FALSE,FALSE
564,PSYC,PSYC,SOC,SOC,FALSE,FALSE
565,POLI,POLI,SOC,SOC,FALSE,FALSE
566,ENVI,ENVI,NAT,NAT,FALSE,FALSE
567,RHET,RHET,HUM,HUM,FALSE,FALSE
568,POLI,POLI,SOC,SOC,FALSE,FALSE
569,CHEM,CHEM,NAT,NAT,FALSE,FALSE
570,PHYS,PHYS,NAT,NAT,FALSE,FALSE
571,MATH,MATH,NAT,NAT,FALSE,FALSE
572,ECON,ECON,SOC,SOC,FALSE,FALSE
573,ASDS,ASDS,APP,APP,FALSE,FALSE
574,PSYC,PSYC,SOC,SOC,FALSE,FALSE
575,ECON,ECON,SOC,SOC,FALSE,FALSE
576,HIST,HIST,SOC,SOC,FALSE,FALSE
577,PSYC,PSYC,SOC,SOC,FALSE,FALSE
578,PSYC,PSYC,SOC,SOC,FALSE,FALSE
579,HIST,HIST,SOC,SOC,FALSE,FALSE
580,SOCI,SOCI,SOC,SOC,FALSE,FALSE
581,POLI,POLI,SOC,SOC,FALSE,FALSE
582,FREN,FREN,HUM,HUM,FALSE,FALSE
583,MATH,MATH,NAT,NAT,FALSE,FALSE
584,MATH,MATH,NAT,NAT,FALSE,FALSE
585,ECON,ASDS,SOC,APP,TRUE,TRUE
586,CHEM,CHEM,NAT,NAT,FALSE,FALSE
587,CLAS,CLAS,HUM,HUM,FALSE,FALSE
588,ASDS,ASDS,APP,APP,FALSE,FALSE
589,BIOL,BIOL,NAT,NAT,FALSE,FALSE
590,ENGL,ENGL,HUM,HUM,FALSE,FALSE
591,POLI,POLI,SOC,SOC,FALSE,FALSE
592,PHIL,PHIL,HUM,HUM,FALSE,FALSE
593,BIOL,BIOL,NAT,NAT,FALSE,FALSE
594,ASDS,ASDS,APP,APP,FALSE,FALSE
595,CSCI,ASDS,APP,APP,FALSE,TRUE
596,CHEM,CHEM,NAT,NAT,FALSE,FALSE
597,SOCI,POLI,SOC,SOC,FALSE,TRUE
598,POLI,HIST,SOC,SOC,FALSE,TRUE
599,PSYC,PSYC,SOC,SOC,FALSE,FALSE
600,BIOL,NEUR,NAT,APP,TRUE,TRUE
601,CHEM,CHEM,NAT,NAT,FALSE,FALSE
602,POLI,POLI,SOC,SOC,FALSE,FALSE
603,PHYS,PHYS,NAT,NAT,FALSE,FALSE
604,POLI,POLI,SOC,SOC,FALSE,FALSE
605,CHEM,CHEM,NAT,NAT,FALSE,FALSE
606,CHEM,CHEM,NAT,NAT,FALSE,FALSE
607,PHYS,PHYS,NAT,NAT,FALSE,FALSE
608,ECON,ECON,SOC,SOC,FALSE,FALSE
609,BIOL,BIOL,NAT,NAT,FALSE,FALSE
610,CHEM,CHEM,NAT,NAT,FALSE,FALSE
611,CHEM,PHYS,NAT,NAT,FALSE,TRUE
612,CHEM,CHEM,NAT,NAT,FALSE,FALSE
613,ENGL,ENGL,HUM,HUM,FALSE,FALSE
614,ENVI,CHEM,NAT,NAT,FALSE,TRUE
615,NEUR,NEUR,APP,APP,FALSE,FALSE
616,SPAN,SPAN,HUM,HUM,FALSE,FALSE
617,PSYC,PSYC,SOC,SOC,FALSE,FALSE
618,ECON,ECON,SOC,SOC,FALSE,FALSE
619,CHEM,CHEM,NAT,NAT,FALSE,FALSE
620,POLI,POLI,SOC,SOC,FALSE,FALSE
621,BIOL,BIOL,NAT,NAT,FALSE,FALSE
622,HIST,HIST,SOC,SOC,FALSE,FALSE
623,ECON,ECON,SOC,SOC,FALSE,FALSE
624,RHET,RHET,HUM,HUM,FALSE,FALSE
625,ECON,ECON,SOC,SOC,FALSE,FALSE
626,ENGL,ENGL,HUM,HUM,FALSE,FALSE
627,POLI,POLI,SOC,SOC,FALSE,FALSE
628,BIOL,ASDS,NAT,APP,TRUE,TRUE
629,ENGL,ENGL,HUM,HUM,FALSE,FALSE
630,BIOL,BIOL,NAT,NAT,FALSE,FALSE
631,POLI,POLI,SOC,SOC,FALSE,FALSE
632,POLI,POLI,SOC,SOC,FALSE,FALSE
633,ECON,ECON,SOC,SOC,FALSE,FALSE
634,POLI,POLI,SOC,SOC,FALSE,FALSE
635,SOCI,SOCI,SOC,SOC,FALSE,FALSE
636,ENGL,ENGL,HUM,HUM,FALSE,FALSE
637,PSYC,PSYC,SOC,SOC,FALSE,FALSE
638,CHEM,CHEM,NAT,NAT,FALSE,FALSE
639,NEUR,NEUR,APP,APP,FALSE,FALSE
640,ENGL,ENGL,HUM,HUM,FALSE,FALSE
641,POLI,POLI,SOC,SOC,FALSE,FALSE
642,PSYC,PSYC,SOC,SOC,FALSE,FALSE
643,SOCI,POLI,SOC,SOC,FALSE,TRUE
644,PHIL,PHIL,HUM,HUM,FALSE,FALSE
645,CHEM,CHEM,NAT,NAT,FALSE,FALSE
646,ENGL,ENGL,HUM,HUM,FALSE,FALSE
647,CHEM,CHEM,NAT,NAT,FALSE,FALSE
648,ENVI,ENVI,NAT,NAT,FALSE,FALSE
649,ART,ART,HUM,HUM,FALSE,FALSE
650,SPAN,SPAN,HUM,HUM,FALSE,FALSE
651,ECON,ECON,SOC,SOC,FALSE,FALSE
652,ASIA,ASIA,HUM,HUM,FALSE,FALSE
653,THEA,THEA,HUM,HUM,FALSE,FALSE
654,ENGL,ENGL,HUM,HUM,FALSE,FALSE
655,CHEM,CHEM,NAT,NAT,FALSE,FALSE
656,CHEM,CHEM,NAT,NAT,FALSE,FALSE
657,ECON,ASDS,SOC,APP,TRUE,TRUE
658,PSYC,PSYC,SOC,SOC,FALSE,FALSE
659,BIOL,CHEM,NAT,NAT,FALSE,TRUE
660,POLI,POLI,SOC,SOC,FALSE,FALSE
661,PHYS,MATH,NAT,NAT,FALSE,TRUE
662,ARTH,ARTH,HUM,HUM,FALSE,FALSE
663,POLI,POLI,SOC,SOC,FALSE,FALSE
664,PHIL,PHIL,HUM,HUM,FALSE,FALSE
665,ECON,ECON,SOC,SOC,FALSE,FALSE
666,PHYS,PHYS,NAT,NAT,FALSE,FALSE
667,SOCI,SOCI,SOC,SOC,FALSE,FALSE
668,BIOL,NEUR,NAT,APP,TRUE,TRUE
669,NEUR,NEUR,APP,APP,FALSE,FALSE
670,POLI,POLI,SOC,SOC,FALSE,FALSE
671,BIOL,BIOL,NAT,NAT,FALSE,FALSE
672,PHYS,PHYS,NAT,NAT,FALSE,FALSE
673,PSYC,CSCI,SOC,APP,TRUE,TRUE
674,ENVI,CHEM,NAT,NAT,FALSE,TRUE
675,PSYC,PSYC,SOC,SOC,FALSE,FALSE
676,ECON,ECON,SOC,SOC,FALSE,FALSE
677,ECON,ECON,SOC,SOC,FALSE,FALSE
678,POLI,POLI,SOC,SOC,FALSE,FALSE
679,POLI,POLI,SOC,SOC,FALSE,FALSE
680,ENVI,ENVI,NAT,NAT,FALSE,FALSE
681,CHEM,CHEM,NAT,NAT,FALSE,FALSE
682,ANTH,ANTH,SOC,SOC,FALSE,FALSE
683,RHET,RHET,HUM,HUM,FALSE,FALSE
684,ASIA,ASIA,HUM,HUM,FALSE,FALSE
685,POLI,POLI,SOC,SOC,FALSE,FALSE
686,PHIL,PHIL,HUM,HUM,FALSE,FALSE
687,ECON,ECON,SOC,SOC,FALSE,FALSE
688,ECON,ECON,SOC,SOC,FALSE,FALSE
689,RHET,RHET,HUM,HUM,FALSE,FALSE
690,SOCI,SOCI,SOC,SOC,FALSE,FALSE
691,HIST,HIST,SOC,SOC,FALSE,FALSE
692,ECON,ECON,SOC,SOC,FALSE,FALSE
693,ANTH,ANTH,SOC,SOC,FALSE,FALSE
694,NEUR,NEUR,APP,APP,FALSE,FALSE
695,PSYC,PSYC,SOC,SOC,FALSE,FALSE
696,ENGL,THEA,HUM,HUM,FALSE,TRUE
697,SOCI,SOCI,SOC,SOC,FALSE,FALSE
698,ASIA,ASIA,HUM,HUM,FALSE,FALSE
699,FREN,FREN,HUM,HUM,FALSE,FALSE
700,BIOL,BIOL,NAT,NAT,FALSE,FALSE
701,PHYS,PHYS,NAT,NAT,FALSE,FALSE
702,CHEM,CHEM,NAT,NAT,FALSE,FALSE
703,ECON,ECON,SOC,SOC,FALSE,FALSE
704,ENGL,ENGL,HUM,HUM,FALSE,FALSE
705,PHYS,PHYS,NAT,NAT,FALSE,FALSE
706,ENGL,ENGL,HUM,HUM,FALSE,FALSE
707,ECON,ECON,SOC,SOC,FALSE,FALSE
708,POLI,POLI,SOC,SOC,FALSE,FALSE
709,POLI,POLI,SOC,SOC,FALSE,FALSE
710,SOCI,SOCI,SOC,SOC,FALSE,FALSE
711,ANTH,ANTH,SOC,SOC,FALSE,FALSE
712,ANTH,ANTH,SOC,SOC,FALSE,FALSE
713,ENVI,ENVI,NAT,NAT,FALSE,FALSE
714,RHET,RHET,HUM,HUM,FALSE,FALSE
715,CSCI,CSCI,APP,APP,FALSE,FALSE
716,ENGL,ENGL,HUM,HUM,FALSE,FALSE
717,ENVI,ENVI,NAT,NAT,FALSE,FALSE
718,POLI,POLI,SOC,SOC,FALSE,FALSE
719,PSYC,PSYC,SOC,SOC,FALSE,FALSE
720,MATH,MATH,NAT,NAT,FALSE,FALSE
721,ECON,ECON,SOC,SOC,FALSE,FALSE
722,HIST,HIST,SOC,SOC,FALSE,FALSE
723,ECON,ECON,SOC,SOC,FALSE,FALSE
724,ENVI,SOCI,NAT,SOC,TRUE,TRUE
725,POLI,POLI,SOC,SOC,FALSE,FALSE
726,PHIL,PHIL,HUM,HUM,FALSE,FALSE
727,ENVI,ENVI,NAT,NAT,FALSE,FALSE
728,BIOL,BIOL,NAT,NAT,FALSE,FALSE
729,BIOL,BIOL,NAT,NAT,FALSE,FALSE
730,HIST,HIST,SOC,SOC,FALSE,FALSE
731,ENVI,SOCI,NAT,SOC,TRUE,TRUE
732,ART,MUSC,HUM,HUM,FALSE,TRUE
733,RELI,RELI,HUM,HUM,FALSE,FALSE
734,FREN,FREN,HUM,HUM,FALSE,FALSE
735,PSYC,PSYC,SOC,SOC,FALSE,FALSE
736,CHEM,CHEM,NAT,NAT,FALSE,FALSE
737,POLI,HIST,SOC,SOC,FALSE,TRUE
738,MATH,ASDS,NAT,APP,TRUE,TRUE
739,MATH,MATH,NAT,NAT,FALSE,FALSE
740,THEA,THEA,HUM,HUM,FALSE,FALSE
741,ASIA,HIST,HUM,SOC,TRUE,TRUE
742,SOCI,SOCI,SOC,SOC,FALSE,FALSE
743,SOCI,SOCI,SOC,SOC,FALSE,FALSE
744,GSWS,GSWS,SOC,SOC,FALSE,FALSE
745,ARTH,ARTH,HUM,HUM,FALSE,FALSE
746,ENVI,ENVI,NAT,NAT,FALSE,FALSE
747,PSYC,PSYC,SOC,SOC,FALSE,FALSE
748,PHYS,PHYS,NAT,NAT,FALSE,FALSE
749,SPAN,SPAN,HUM,HUM,FALSE,FALSE
750,ENVI,ENVI,NAT,NAT,FALSE,FALSE
751,POLI,HIST,SOC,SOC,FALSE,TRUE
752,PSYC,PSYC,SOC,SOC,FALSE,FALSE
753,ENVI,ENVI,NAT,NAT,FALSE,FALSE
754,ECON,ECON,SOC,SOC,FALSE,FALSE
755,ECON,ECON,SOC,SOC,FALSE,FALSE
756,POLI,POLI,SOC,SOC,FALSE,FALSE
757,SOCI,SOCI,SOC,SOC,FALSE,FALSE
758,ECON,ECON,SOC,SOC,FALSE,FALSE
759,ART,ART,HUM,HUM,FALSE,FALSE
760,GSWS,GSWS,SOC,SOC,FALSE,FALSE
761,CLAS,CLAS,HUM,HUM,FALSE,FALSE
762,ENGL,ENGL,HUM,HUM,FALSE,FALSE
763,ECON,ECON,SOC,SOC,FALSE,FALSE
764,PSYC,PSYC,SOC,SOC,FALSE,FALSE
765,ENGL,ENGL,HUM,HUM,FALSE,FALSE
766,MATH,MATH,NAT,NAT,FALSE,FALSE
767,FREN,ENGL,HUM,HUM,FALSE,TRUE
768,ENVI,POLI,NAT,SOC,TRUE,TRUE
769,BIOL,ASDS,NAT,APP,TRUE,TRUE
770,SOCI,SOCI,SOC,SOC,FALSE,FALSE
771,ENVI,ENVI,NAT,NAT,FALSE,FALSE
772,PSYC,PSYC,SOC,SOC,FALSE,FALSE
773,ENVI,CHEM,NAT,NAT,FALSE,TRUE
774,ECON,ECON,SOC,SOC,FALSE,FALSE
775,ENGL,ENGL,HUM,HUM,FALSE,FALSE
776,PSYC,PSYC,SOC,SOC,FALSE,FALSE
777,FREN,ENGL,HUM,HUM,FALSE,TRUE
778,ARTH,ARTH,HUM,HUM,FALSE,FALSE
779,RHET,RHET,HUM,HUM,FALSE,FALSE
780,ASIA,ASIA,HUM,HUM,FALSE,FALSE
781,HIST,HIST,SOC,SOC,FALSE,FALSE
782,MATH,CSCI,NAT,APP,TRUE,TRUE
783,ENVI,ENVI,NAT,NAT,FALSE,FALSE
784,PSYC,PSYC,SOC,SOC,FALSE,FALSE
785,ENGL,ENGL,HUM,HUM,FALSE,FALSE
786,ECON,ECON,SOC,SOC,FALSE,FALSE
787,POLI,POLI,SOC,SOC,FALSE,FALSE
788,HIST,ENGL,SOC,HUM,TRUE,TRUE
789,ENVI,BIOL,NAT,NAT,FALSE,TRUE
790,PSYC,PSYC,SOC,SOC,FALSE,FALSE
791,THEA,THEA,HUM,HUM,FALSE,FALSE
792,ENVI,ENVI,NAT,NAT,FALSE,FALSE
793,MATH,CSCI,NAT,APP,TRUE,TRUE
794,PSYC,PSYC,SOC,SOC,FALSE,FALSE
795,HIST,HIST,SOC,SOC,FALSE,FALSE
796,POLI,PHIL,SOC,HUM,TRUE,TRUE
797,ENVI,ENVI,NAT,NAT,FALSE,FALSE
798,ECON,ECON,SOC,SOC,FALSE,FALSE
799,PHIL,PHIL,HUM,HUM,FALSE,FALSE
800,ECON,ECON,SOC,SOC,FALSE,FALSE
801,FREN,FREN,HUM,HUM,FALSE,FALSE
802,ARTH,ARTH,HUM,HUM,FALSE,FALSE
803,ECON,ECON,SOC,SOC,FALSE,FALSE
804,SOCI,SOCI,SOC,SOC,FALSE,FALSE
805,CHEM,CHEM,NAT,NAT,FALSE,FALSE
806,ECON,ECON,SOC,SOC,FALSE,FALSE
807,CHEM,NEUR,NAT,APP,TRUE,TRUE
808,ECON,ECON,SOC,SOC,FALSE,FALSE
809,POLI,POLI,SOC,SOC,FALSE,FALSE
810,CHEM,CHEM,NAT,NAT,FALSE,FALSE
811,ECON,ECON,SOC,SOC,FALSE,FALSE
812,FREN,SPAN,HUM,HUM,FALSE,TRUE
813,CHEM,MATH,NAT,NAT,FALSE,TRUE
814,HIST,HIST,SOC,SOC,FALSE,FALSE
815,RHET,PHIL,HUM,HUM,FALSE,TRUE
816,HIST,HIST,SOC,SOC,FALSE,FALSE
817,SPAN,SPAN,HUM,HUM,FALSE,FALSE
818,PSYC,PSYC,SOC,SOC,FALSE,FALSE
819,PSYC,ASDS,SOC,APP,TRUE,TRUE
820,SOCI,ASDS,SOC,APP,TRUE,TRUE
821,POLI,POLI,SOC,SOC,FALSE,FALSE
822,MATH,PHYS,NAT,NAT,FALSE,TRUE
823,ENVI,ENVI,NAT,NAT,FALSE,FALSE
824,PSYC,NEUR,SOC,APP,TRUE,TRUE
825,PSYC,ASDS,SOC,APP,TRUE,TRUE
826,ART,ART,HUM,HUM,FALSE,FALSE
827,ECON,ECON,SOC,SOC,FALSE,FALSE
828,PSYC,BIOL,SOC,NAT,TRUE,TRUE
829,ECON,ECON,SOC,SOC,FALSE,FALSE
830,PSYC,PSYC,SOC,SOC,FALSE,FALSE
831,POLI,POLI,SOC,SOC,FALSE,FALSE
832,ENVI,ENVI,NAT,NAT,FALSE,FALSE
833,PSYC,CSCI,SOC,APP,TRUE,TRUE
834,ENVI,ENVI,NAT,NAT,FALSE,FALSE
835,HIST,HIST,SOC,SOC,FALSE,FALSE
836,HIST,HIST,SOC,SOC,FALSE,FALSE
837,POLI,PHIL,SOC,HUM,TRUE,TRUE
838,MATH,MATH,NAT,NAT,FALSE,FALSE
839,GSWS,SOCI,SOC,SOC,FALSE,TRUE
840,PSYC,PSYC,SOC,SOC,FALSE,FALSE
841,CSCI,MATH,APP,NAT,TRUE,TRUE
842,CSCI,CSCI,APP,APP,FALSE,FALSE
843,PSYC,PSYC,SOC,SOC,FALSE,FALSE
844,SOCI,SOCI,SOC,SOC,FALSE,FALSE
845,SOCI,SOCI,SOC,SOC,FALSE,FALSE
846,ECON,ECON,SOC,SOC,FALSE,FALSE
847,POLI,POLI,SOC,SOC,FALSE,FALSE
848,ENVI,ENVI,NAT,NAT,FALSE,FALSE
849,PHIL,PHIL,HUM,HUM,FALSE,FALSE
850,ECON,POLI,SOC,SOC,FALSE,TRUE
851,CHEM,MATH,NAT,NAT,FALSE,TRUE
852,PHYS,PHYS,NAT,NAT,FALSE,FALSE
853,POLI,POLI,SOC,SOC,FALSE,FALSE
854,BIOL,BIOL,NAT,NAT,FALSE,FALSE
855,MATH,MATH,NAT,NAT,FALSE,FALSE
856,PSYC,NEUR,SOC,APP,TRUE,TRUE
857,SOCI,SOCI,SOC,SOC,FALSE,FALSE
858,SPAN,SPAN,HUM,HUM,FALSE,FALSE
859,BIOL,BIOL,NAT,NAT,FALSE,FALSE
860,GSWS,GSWS,SOC,SOC,FALSE,FALSE
861,MUSC,MUSC,HUM,HUM,FALSE,FALSE
862,MATH,MATH,NAT,NAT,FALSE,FALSE
863,POLI,SOCI,SOC,SOC,FALSE,TRUE
864,ECON,ECON,SOC,SOC,FALSE,FALSE
865,POLI,POLI,SOC,SOC,FALSE,FALSE
866,NEUR,NEUR,APP,APP,FALSE,FALSE
867,PSYC,PSYC,SOC,SOC,FALSE,FALSE
868,ECON,ECON,SOC,SOC,FALSE,FALSE
869,CHEM,CHEM,NAT,NAT,FALSE,FALSE
870,POLI,HIST,SOC,SOC,FALSE,TRUE
871,PHIL,PHIL,HUM,HUM,FALSE,FALSE
872,THEA,THEA,HUM,HUM,FALSE,FALSE
873,PSYC,PSYC,SOC,SOC,FALSE,FALSE
874,PHIL,ENGL,HUM,HUM,FALSE,TRUE
875,ENVI,ENVI,NAT,NAT,FALSE,FALSE
876,MATH,MATH,NAT,NAT,FALSE,FALSE
877,ECON,ECON,SOC,SOC,FALSE,FALSE
878,CHEM,NEUR,NAT,APP,TRUE,TRUE
879,SPAN,SPAN,HUM,HUM,FALSE,FALSE
880,SOCI,SOCI,SOC,SOC,FALSE,FALSE
881,FREN,FREN,HUM,HUM,FALSE,FALSE
882,PHYS,PHYS,NAT,NAT,FALSE,FALSE
883,HIST,POLI,SOC,SOC,FALSE,TRUE
884,CSCI,MATH,APP,NAT,TRUE,TRUE
885,SPAN,FREN,HUM,HUM,FALSE,TRUE
886,ECON,CSCI,SOC,APP,TRUE,TRUE
887,ECON,ECON,SOC,SOC,FALSE,FALSE
888,PSYC,PSYC,SOC,SOC,FALSE,FALSE
889,PHIL,PHIL,HUM,HUM,FALSE,FALSE
890,CSCI,CSCI,APP,APP,FALSE,FALSE
891,POLI,ECON,SOC,SOC,FALSE,TRUE
892,BIOL,BIOL,NAT,NAT,FALSE,FALSE
893,HIST,HIST,SOC,SOC,FALSE,FALSE
894,ENVI,BIOL,NAT,NAT,FALSE,TRUE
895,ENVI,ENVI,NAT,NAT,FALSE,FALSE
896,FREN,FREN,HUM,HUM,FALSE,FALSE
897,ENVI,CHEM,NAT,NAT,FALSE,TRUE
898,PSYC,PSYC,SOC,SOC,FALSE,FALSE
899,ENGL,ENGL,HUM,HUM,FALSE,FALSE
900,ENGL,THEA,HUM,HUM,FALSE,TRUE
901,PSYC,PSYC,SOC,SOC,FALSE,FALSE
902,PSYC,PSYC,SOC,SOC,FALSE,FALSE
903,ENVI,ENVI,NAT,NAT,FALSE,FALSE
904,PSYC,PSYC,SOC,SOC,FALSE,FALSE
905,SOCI,SOCI,SOC,SOC,FALSE,FALSE
906,GSWS,GSWS,SOC,SOC,FALSE,FALSE
907,POLI,POLI,SOC,SOC,FALSE,FALSE
908,POLI,POLI,SOC,SOC,FALSE,FALSE
909,SOCI,SOCI,SOC,SOC,FALSE,FALSE
910,ECON,ECON,SOC,SOC,FALSE,FALSE
911,ENVI,POLI,NAT,SOC,TRUE,TRUE
912,POLI,POLI,SOC,SOC,FALSE,FALSE
913,ASIA,HIST,HUM,SOC,TRUE,TRUE
914,FREN,FREN,HUM,HUM,FALSE,FALSE
915,PHYS,PHYS,NAT,NAT,FALSE,FALSE
916,PHYS,PHYS,NAT,NAT,FALSE,FALSE
917,AFAM,SOCI,SOC,SOC,FALSE,TRUE
918,SOCI,SOCI,SOC,SOC,FALSE,FALSE
919,ECON,ECON,SOC,SOC,FALSE,FALSE
920,ECON,ECON,SOC,SOC,FALSE,FALSE
921,CSCI,CSCI,APP,APP,FALSE,FALSE
922,MUSC,MUSC,HUM,HUM,FALSE,FALSE
923,MUSC,MUSC,HUM,HUM,FALSE,FALSE
924,ECON,ECON,SOC,SOC,FALSE,FALSE
925,HIST,ENGL,SOC,HUM,TRUE,TRUE
926,THEA,THEA,HUM,HUM,FALSE,FALSE
927,ECON,ECON,SOC,SOC,FALSE,FALSE
928,ENVI,ENVI,NAT,NAT,FALSE,FALSE
929,ECON,ECON,SOC,SOC,FALSE,FALSE
930,BIOL,ENVI,NAT,NAT,FALSE,TRUE
931,CHEM,BIOL,NAT,NAT,FALSE,TRUE
932,ASIA,ASIA,HUM,HUM,FALSE,FALSE
933,ARTH,ARTH,HUM,HUM,FALSE,FALSE
934,GSWS,GSWS,SOC,SOC,FALSE,FALSE
935,PHYS,PHYS,NAT,NAT,FALSE,FALSE
936,PSYC,PSYC,SOC,SOC,FALSE,FALSE
937,PSYC,PSYC,SOC,SOC,FALSE,FALSE
938,POLI,POLI,SOC,SOC,FALSE,FALSE
939,POLI,ASDS,SOC,APP,TRUE,TRUE
940,CSCI,ASDS,APP,APP,FALSE,TRUE
941,CHEM,BIOL,NAT,NAT,FALSE,TRUE
942,CHEM,CHEM,NAT,NAT,FALSE,FALSE
943,PSYC,PSYC,SOC,SOC,FALSE,FALSE
944,ENVI,ENVI,NAT,NAT,FALSE,FALSE
945,PHYS,PHYS,NAT,NAT,FALSE,FALSE
946,ENVI,ENVI,NAT,NAT,FALSE,FALSE
947,PSYC,PSYC,SOC,SOC,FALSE,FALSE
948,ENGL,ENGL,HUM,HUM,FALSE,FALSE
949,SOCI,PSYC,SOC,SOC,FALSE,TRUE
950,PSYC,PSYC,SOC,SOC,FALSE,FALSE
951,ENVI,ENVI,NAT,NAT,FALSE,FALSE
952,ENVI,ENVI,NAT,NAT,FALSE,FALSE
953,POLI,POLI,SOC,SOC,FALSE,FALSE
954,RHET,RHET,HUM,HUM,FALSE,FALSE
955,ENVI,ENVI,NAT,NAT,FALSE,FALSE
956,HIST,HIST,SOC,SOC,FALSE,FALSE
957,HIST,HIST,SOC,SOC,FALSE,FALSE
958,CSCI,CSCI,APP,APP,FALSE,FALSE
959,MATH,ECON,NAT,SOC,TRUE,TRUE
960,MATH,MATH,NAT,NAT,FALSE,FALSE
961,ENVI,BIOL,NAT,NAT,FALSE,TRUE
962,MATH,MATH,NAT,NAT,FALSE,FALSE
963,PSYC,NEUR,SOC,APP,TRUE,TRUE
964,PHIL,PHIL,HUM,HUM,FALSE,FALSE
965,PSYC,PSYC,SOC,SOC,FALSE,FALSE
966,ARTH,ART,HUM,HUM,FALSE,TRUE
967,PSYC,PSYC,SOC,SOC,FALSE,FALSE
968,ECON,ECON,SOC,SOC,FALSE,FALSE
969,PHYS,PHYS,NAT,NAT,FALSE,FALSE
970,ECON,ECON,SOC,SOC,FALSE,FALSE
971,ENVI,CHEM,NAT,NAT,FALSE,TRUE
972,BIOL,ASDS,NAT,APP,TRUE,TRUE
973,HIST,HIST,SOC,SOC,FALSE,FALSE
974,SOCI,SOCI,SOC,SOC,FALSE,FALSE
975,PSYC,PSYC,SOC,SOC,FALSE,FALSE
976,ECON,ECON,SOC,SOC,FALSE,FALSE
977,POLI,POLI,SOC,SOC,FALSE,FALSE
978,ENVI,ENVI,NAT,NAT,FALSE,FALSE
979,ENGL,ENGL,HUM,HUM,FALSE,FALSE
980,ECON,ECON,SOC,SOC,FALSE,FALSE
981,BIOL,BIOL,NAT,NAT,FALSE,FALSE
982,PSYC,PSYC,SOC,SOC,FALSE,FALSE
983,BIOL,BIOL,NAT,NAT,FALSE,FALSE
984,CSCI,CSCI,APP,APP,FALSE,FALSE
985,BIOL,BIOL,NAT,NAT,FALSE,FALSE
986,POLI,POLI,SOC,SOC,FALSE,FALSE
987,ANTH,ANTH,SOC,SOC,FALSE,FALSE
988,ECON,ECON,SOC,SOC,FALSE,FALSE
989,POLI,ECON,SOC,SOC,FALSE,TRUE
990,ANTH,SOCI,SOC,SOC,FALSE,TRUE
991,RHET,RHET,HUM,HUM,FALSE,FALSE
992,PSYC,PSYC,SOC,SOC,FALSE,FALSE
993,PHIL,POLI,HUM,SOC,TRUE,TRUE
994,THEA,THEA,HUM,HUM,FALSE,FALSE
995,PSYC,PSYC,SOC,SOC,FALSE,FALSE
996,ECON,ECON,SOC,SOC,FALSE,FALSE
997,SOCI,SOCI,SOC,SOC,FALSE,FALSE
998,PSYC,PSYC,SOC,SOC,FALSE,FALSE
999,CHEM,CHEM,NAT,NAT,FALSE,FALSE
1000,PSYC,PSYC,SOC,SOC,FALSE,FALSE
1001,NEUR,NEUR,APP,APP,FALSE,FALSE
1002,PSYC,PSYC,SOC,SOC,FALSE,FALSE
1003,PHIL,ENGL,HUM,HUM,FALSE,TRUE
1004,SOCI,POLI,SOC,SOC,FALSE,TRUE
1005,CHEM,CHEM,NAT,NAT,FALSE,FALSE
1006,PSYC,PSYC,SOC,SOC,FALSE,FALSE
1007,SOCI,SOCI,SOC,SOC,FALSE,FALSE
1008,ENGL,ENGL,HUM,HUM,FALSE,FALSE
1009,POLI,POLI,SOC,SOC,FALSE,FALSE
1010,PHIL,PHIL,HUM,HUM,FALSE,FALSE
1011,BIOL,ENVI,NAT,NAT,FALSE,TRUE
1012,SOCI,PSYC,SOC,SOC,FALSE,TRUE
1013,ECON,ECON,SOC,SOC,FALSE,FALSE
1014,ECON,ECON,SOC,SOC,FALSE,FALSE
1015,ECON,ASDS,SOC,APP,TRUE,TRUE
1016,PHIL,PHIL,HUM,HUM,FALSE,FALSE
1017,PSYC,PSYC,SOC,SOC,FALSE,FALSE
1018,POLI,POLI,SOC,SOC,FALSE,FALSE
1019,CSCI,CSCI,APP,APP,FALSE,FALSE
1020,POLI,POLI,SOC,SOC,FALSE,FALSE
1021,THEA,THEA,HUM,HUM,FALSE,FALSE
1022,PSYC,NEUR,SOC,APP,TRUE,TRUE
1023,POLI,POLI,SOC,SOC,FALSE,FALSE
1024,POLI,POLI,SOC,SOC,FALSE,FALSE
1025,ECON,ECON,SOC,SOC,FALSE,FALSE
1026,ENVI,ENVI,NAT,NAT,FALSE,FALSE
1027,BIOL,BIOL,NAT,NAT,FALSE,FALSE
1028,PSYC,PSYC,SOC,SOC,FALSE,FALSE
1029,CLAS,CLAS,HUM,HUM,FALSE,FALSE
1030,FREN,ENGL,HUM,HUM,FALSE,TRUE
1031,MUSC,MUSC,HUM,HUM,FALSE,FALSE
1032,ECON,ECON,SOC,SOC,FALSE,FALSE
1033,PSYC,PSYC,SOC,SOC,FALSE,FALSE
1034,ECON,ECON,SOC,SOC,FALSE,FALSE
1035,ENVI,SOCI,NAT,SOC,TRUE,TRUE
1036,SOCI,SOCI,SOC,SOC,FALSE,FALSE
1037,GSWS,GSWS,SOC,SOC,FALSE,FALSE
1038,MATH,PHYS,NAT,NAT,FALSE,TRUE
1039,CHEM,CHEM,NAT,NAT,FALSE,FALSE
1040,PSYC,PSYC,SOC,SOC,FALSE,FALSE
1041,GSWS,GSWS,SOC,SOC,FALSE,FALSE
1042,ENVI,ENVI,NAT,NAT,FALSE,FALSE
1043,ENVI,ENVI,NAT,NAT,FALSE,FALSE
1044,HIST,HIST,SOC,SOC,FALSE,FALSE
1045,RHET,RHET,HUM,HUM,FALSE,FALSE
1046,ECON,ECON,SOC,SOC,FALSE,FALSE
1047,HIST,HIST,SOC,SOC,FALSE,FALSE
1048,NEUR,NEUR,APP,APP,FALSE,FALSE
1049,AFAM,AFAM,SOC,SOC,FALSE,FALSE
1050,PSYC,PSYC,SOC,SOC,FALSE,FALSE
1051,PHIL,PHIL,HUM,HUM,FALSE,FALSE
1052,ECON,ECON,SOC,SOC,FALSE,FALSE
1053,PSYC,PSYC,SOC,SOC,FALSE,FALSE
1054,ENGL,ENGL,HUM,HUM,FALSE,FALSE
1055,POLI,POLI,SOC,SOC,FALSE,FALSE
1056,PHIL,PHIL,HUM,HUM,FALSE,FALSE
1057,MATH,ASDS,NAT,APP,TRUE,TRUE
1058,CHEM,ENVI,NAT,NAT,FALSE,TRUE
1059,PSYC,PSYC,SOC,SOC,FALSE,FALSE
1060,POLI,POLI,SOC,SOC,FALSE,FALSE
1061,PSYC,SOCI,SOC,SOC,FALSE,TRUE
1062,ARTH,ARTH,HUM,HUM,FALSE,FALSE
1063,ECON,ECON,SOC,SOC,FALSE,FALSE
1064,PSYC,PSYC,SOC,SOC,FALSE,FALSE
1065,ENVI,ENVI,NAT,NAT,FALSE,FALSE
1066,ENGL,ENGL,HUM,HUM,FALSE,FALSE
1067,ARTH,ARTH,HUM,HUM,FALSE,FALSE
1068,POLI,POLI,SOC,SOC,FALSE,FALSE
1069,ENVI,POLI,NAT,SOC,TRUE,TRUE
1070,HIST,HIST,SOC,SOC,FALSE,FALSE
1071,SOCI,SOCI,SOC,SOC,FALSE,FALSE
1072,PSYC,PSYC,SOC,SOC,FALSE,FALSE
1073,BIOL,NEUR,NAT,APP,TRUE,TRUE
1074,ASIA,HIST,HUM,SOC,TRUE,TRUE
1075,POLI,ASDS,SOC,APP,TRUE,TRUE
1076,MATH,MATH,NAT,NAT,FALSE,FALSE
1077,FREN,FREN,HUM,HUM,FALSE,FALSE
1078,PSYC,PSYC,SOC,SOC,FALSE,FALSE
1079,ECON,ECON,SOC,SOC,FALSE,FALSE
1080,PSYC,PSYC,SOC,SOC,FALSE,FALSE
1081,ENVI,POLI,NAT,SOC,TRUE,TRUE
1082,RELI,HIST,HUM,SOC,TRUE,TRUE
1083,ENVI,ENVI,NAT,NAT,FALSE,FALSE
1084,ENGL,ENGL,HUM,HUM,FALSE,FALSE
1085,ENGL,THEA,HUM,HUM,FALSE,TRUE
1086,PSYC,PSYC,SOC,SOC,FALSE,FALSE
1087,ASIA,ANTH,HUM,SOC,TRUE,TRUE
1088,SOCI,HIST,SOC,SOC,FALSE,TRUE
1089,ENGL,ENGL,HUM,HUM,FALSE,FALSE
1090,PSYC,PSYC,SOC,SOC,FALSE,FALSE
1091,FREN,FREN,HUM,HUM,FALSE,FALSE
1092,PSYC,SOCI,SOC,SOC,FALSE,TRUE
1093,PHYS,PHYS,NAT,NAT,FALSE,FALSE
1094,CHEM,BIOL,NAT,NAT,FALSE,TRUE
1095,POLI,POLI,SOC,SOC,FALSE,FALSE
1096,CHEM,CHEM,NAT,NAT,FALSE,FALSE
1097,SOCI,SOCI,SOC,SOC,FALSE,FALSE
1098,PSYC,SOCI,SOC,SOC,FALSE,TRUE
1099,FREN,FREN,HUM,HUM,FALSE,FALSE
1100,SOCI,SOCI,SOC,SOC,FALSE,FALSE
1101,PSYC,PSYC,SOC,SOC,FALSE,FALSE
1102,MATH,MATH,NAT,NAT,FALSE,FALSE
1103,HIST,HIST,SOC,SOC,FALSE,FALSE
1104,PSYC,PSYC,SOC,SOC,FALSE,FALSE
1105,BIOL,BIOL,NAT,NAT,FALSE,FALSE
1106,MATH,MATH,NAT,NAT,FALSE,FALSE
1107,CSCI,PHYS,APP,NAT,TRUE,TRUE
1108,ENVI,ENVI,NAT,NAT,FALSE,FALSE
1109,PHYS,PHYS,NAT,NAT,FALSE,FALSE
1110,THEA,THEA,HUM,HUM,FALSE,FALSE
1111,HIST,HIST,SOC,SOC,FALSE,FALSE
1112,ENVI,ENVI,NAT,NAT,FALSE,FALSE
1113,SPAN,SPAN,HUM,HUM,FALSE,FALSE
1114,RHET,ENGL,HUM,HUM,FALSE,TRUE
1115,PSYC,PSYC,SOC,SOC,FALSE,FALSE
1116,PSYC,PSYC,SOC,SOC,FALSE,FALSE
1117,PHIL,PHIL,HUM,HUM,FALSE,FALSE
1118,CSCI,CSCI,APP,APP,FALSE,FALSE
1119,PSYC,PSYC,SOC,SOC,FALSE,FALSE
1120,FREN,HIST,HUM,SOC,TRUE,TRUE
1121,ENGL,ENGL,HUM,HUM,FALSE,FALSE
1122,ARTH,ARTH,HUM,HUM,FALSE,FALSE
1123,SOCI,SOCI,SOC,SOC,FALSE,FALSE
1124,ENVI,ENVI,NAT,NAT,FALSE,FALSE
1125,PHIL,PHIL,HUM,HUM,FALSE,FALSE
1126,CSCI,CSCI,APP,APP,FALSE,FALSE
1127,CHEM,PHYS,NAT,NAT,FALSE,TRUE
1128,PHYS,PHYS,NAT,NAT,FALSE,FALSE
1129,PSYC,PSYC,SOC,SOC,FALSE,FALSE
1130,BIOL,BIOL,NAT,NAT,FALSE,FALSE
1131,PSYC,SOCI,SOC,SOC,FALSE,TRUE
1132,RHET,RHET,HUM,HUM,FALSE,FALSE
1133,ENGL,ENGL,HUM,HUM,FALSE,FALSE
1134,PSYC,PSYC,SOC,SOC,FALSE,FALSE
1135,BIOL,BIOL,NAT,NAT,FALSE,FALSE
1136,HIST,HIST,SOC,SOC,FALSE,FALSE
1137,POLI,POLI,SOC,SOC,FALSE,FALSE
1138,PSYC,PSYC,SOC,SOC,FALSE,FALSE
1139,ENVI,ENVI,NAT,NAT,FALSE,FALSE
1140,CHEM,CHEM,NAT,NAT,FALSE,FALSE
1141,POLI,POLI,SOC,SOC,FALSE,FALSE
1142,GSWS,GSWS,SOC,SOC,FALSE,FALSE
1143,BIOL,BIOL,NAT,NAT,FALSE,FALSE
1144,ENGL,PHIL,HUM,HUM,FALSE,TRUE
1145,ECON,ECON,SOC,SOC,FALSE,FALSE
1146,POLI,POLI,SOC,SOC,FALSE,FALSE
1147,PSYC,PSYC,SOC,SOC,FALSE,FALSE
1148,POLI,POLI,SOC,SOC,FALSE,FALSE
1149,ENVI,ENVI,NAT,NAT,FALSE,FALSE
1150,PSYC,PSYC,SOC,SOC,FALSE,FALSE
1151,NEUR,NEUR,APP,APP,FALSE,FALSE
1152,PSYC,PSYC,SOC,SOC,FALSE,FALSE
1153,RELI,RELI,HUM,HUM,FALSE,FALSE
1154,CSCI,CSCI,APP,APP,FALSE,FALSE
1155,CHEM,CHEM,NAT,NAT,FALSE,FALSE
1156,GSWS,GSWS,SOC,SOC,FALSE,FALSE
1157,BIOL,CHEM,NAT,NAT,FALSE,TRUE
1158,CHEM,CHEM,NAT,NAT,FALSE,FALSE
1159,PHIL,PHIL,HUM,HUM,FALSE,FALSE
1160,ECON,POLI,SOC,SOC,FALSE,TRUE
1161,CHEM,CHEM,NAT,NAT,FALSE,FALSE
1162,BIOL,BIOL,NAT,NAT,FALSE,FALSE
1163,POLI,PHIL,SOC,HUM,TRUE,TRUE
1164,BIOL,BIOL,NAT,NAT,FALSE,FALSE
1165,PSYC,PSYC,SOC,SOC,FALSE,FALSE
1166,POLI,POLI,SOC,SOC,FALSE,FALSE
1167,PSYC,PSYC,SOC,SOC,FALSE,FALSE
1168,ENVI,ENVI,NAT,NAT,FALSE,FALSE
1169,MATH,MATH,NAT,NAT,FALSE,FALSE
1170,BIOL,BIOL,NAT,NAT,FALSE,FALSE
1171,PSYC,PSYC,SOC,SOC,FALSE,FALSE
1172,ENGL,ENGL,HUM,HUM,FALSE,FALSE
1173,NEUR,BIOL,APP,NAT,TRUE,TRUE
1174,THEA,THEA,HUM,HUM,FALSE,FALSE
1175,PSYC,PSYC,SOC,SOC,FALSE,FALSE
1176,PSYC,NEUR,SOC,APP,TRUE,TRUE
1177,BIOL,BIOL,NAT,NAT,FALSE,FALSE
1178,RELI,RELI,HUM,HUM,FALSE,FALSE
1179,CHEM,CHEM,NAT,NAT,FALSE,FALSE
1180,ASDS,ASDS,APP,APP,FALSE,FALSE
1181,CHEM,CHEM,NAT,NAT,FALSE,FALSE
1182,ECON,ECON,SOC,SOC,FALSE,FALSE
1183,SOCI,SOCI,SOC,SOC,FALSE,FALSE
1184,POLI,POLI,SOC,SOC,FALSE,FALSE
1185,ENGL,HIST,HUM,SOC,TRUE,TRUE
1186,CSCI,CSCI,APP,APP,FALSE,FALSE
1187,BIOL,BIOL,NAT,NAT,FALSE,FALSE
1188,BIOL,BIOL,NAT,NAT,FALSE,FALSE
1189,ENVI,ENVI,NAT,NAT,FALSE,FALSE
1190,ARTH,ARTH,HUM,HUM,FALSE,FALSE
1191,SOCI,HIST,SOC,SOC,FALSE,TRUE
1192,ENGL,ENGL,HUM,HUM,FALSE,FALSE
1193,POLI,POLI,SOC,SOC,FALSE,FALSE
1194,PSYC,PSYC,SOC,SOC,FALSE,FALSE
1195,GSWS,GSWS,SOC,SOC,FALSE,FALSE
1196,MATH,MATH,NAT,NAT,FALSE,FALSE
1197,PSYC,PSYC,SOC,SOC,FALSE,FALSE
1198,PSYC,PSYC,SOC,SOC,FALSE,FALSE
1199,NEUR,NEUR,APP,APP,FALSE,FALSE
1200,BIOL,BIOL,NAT,NAT,FALSE,FALSE
1201,ENVI,CHEM,NAT,NAT,FALSE,TRUE
1202,BIOL,BIOL,NAT,NAT,FALSE,FALSE
1203,MATH,MATH,NAT,NAT,FALSE,FALSE
1204,ECON,ECON,SOC,SOC,FALSE,FALSE
1205,NEUR,NEUR,APP,APP,FALSE,FALSE
1206,FREN,ENGL,HUM,HUM,FALSE,TRUE
1207,CSCI,CSCI,APP,APP,FALSE,FALSE
1208,CHEM,CHEM,NAT,NAT,FALSE,FALSE
1209,POLI,POLI,SOC,SOC,FALSE,FALSE
1210,MATH,MATH,NAT,NAT,FALSE,FALSE
1211,GSWS,SOCI,SOC,SOC,FALSE,TRUE
1212,MUSC,MUSC,HUM,HUM,FALSE,FALSE
1213,PSYC,PSYC,SOC,SOC,FALSE,FALSE
1214,ENVI,ENVI,NAT,NAT,FALSE,FALSE
1215,CSCI,CSCI,APP,APP,FALSE,FALSE
1216,SOCI,SOCI,SOC,SOC,FALSE,FALSE
1217,POLI,POLI,SOC,SOC,FALSE,FALSE
1218,ENVI,ENVI,NAT,NAT,FALSE,FALSE
1219,PSYC,PSYC,SOC,SOC,FALSE,FALSE
1220,NEUR,NEUR,APP,APP,FALSE,FALSE
1221,PSYC,PSYC,SOC,SOC,FALSE,FALSE
1222,MATH,CSCI,NAT,APP,TRUE,TRUE
1223,HIST,ENGL,SOC,HUM,TRUE,TRUE
1224,POLI,POLI,SOC,SOC,FALSE,FALSE
1225,CLAS,CLAS,HUM,HUM,FALSE,FALSE
1226,PHIL,PHIL,HUM,HUM,FALSE,FALSE
1227,HIST,HIST,SOC,SOC,FALSE,FALSE
1228,ECON,MATH,SOC,NAT,TRUE,TRUE
1229,THEA,THEA,HUM,HUM,FALSE,FALSE
1230,SOCI,SOCI,SOC,SOC,FALSE,FALSE
1231,CSCI,CSCI,APP,APP,FALSE,FALSE
1232,PSYC,PSYC,SOC,SOC,FALSE,FALSE
1233,POLI,POLI,SOC,SOC,FALSE,FALSE
1234,PHYS,PHYS,NAT,NAT,FALSE,FALSE
1235,PHIL,PHIL,HUM,HUM,FALSE,FALSE
1236,CHEM,CHEM,NAT,NAT,FALSE,FALSE
1237,MATH,MATH,NAT,NAT,FALSE,FALSE
1238,CHEM,CHEM,NAT,NAT,FALSE,FALSE
1239,SOCI,SOCI,SOC,SOC,FALSE,FALSE
1240,PSYC,PSYC,SOC,SOC,FALSE,FALSE
1241,NEUR,NEUR,APP,APP,FALSE,FALSE
1242,ENVI,CHEM,NAT,NAT,FALSE,TRUE
1243,PHYS,PHYS,NAT,NAT,FALSE,FALSE
1244,ASIA,ASIA,HUM,HUM,FALSE,FALSE
1245,POLI,POLI,SOC,SOC,FALSE,FALSE
1246,PHIL,PHIL,HUM,HUM,FALSE,FALSE
1247,MATH,MATH,NAT,NAT,FALSE,FALSE
1248,CSCI,CSCI,APP,APP,FALSE,FALSE
1249,ECON,ECON,SOC,SOC,FALSE,FALSE
1250,RHET,RHET,HUM,HUM,FALSE,FALSE
1251,RHET,RHET,HUM,HUM,FALSE,FALSE
1252,RHET,RHET,HUM,HUM,FALSE,FALSE
1253,POLI,POLI,SOC,SOC,FALSE,FALSE
1254,PSYC,PSYC,SOC,SOC,FALSE,FALSE
1255,MATH,MATH,NAT,NAT,FALSE,FALSE
1256,PSYC,PSYC,SOC,SOC,FALSE,FALSE
1257,MATH,MATH,NAT,NAT,FALSE,FALSE
1258,POLI,POLI,SOC,SOC,FALSE,FALSE
1259,ENVI,ENVI,NAT,NAT,FALSE,FALSE
1260,SPAN,SPAN,HUM,HUM,FALSE,FALSE
1261,MATH,CSCI,NAT,APP,TRUE,TRUE
1262,ENGL,ENGL,HUM,HUM,FALSE,FALSE
1263,ENGL,ENGL,HUM,HUM,FALSE,FALSE
1264,ECON,ECON,SOC,SOC,FALSE,FALSE
1265,ENVI,ENVI,NAT,NAT,FALSE,FALSE
1266,SOCI,SOCI,SOC,SOC,FALSE,FALSE
1267,ANTH,ANTH,SOC,SOC,FALSE,FALSE
1268,HIST,HIST,SOC,SOC,FALSE,FALSE
1269,FREN,FREN,HUM,HUM,FALSE,FALSE
1270,ENVI,ENVI,NAT,NAT,FALSE,FALSE
1271,POLI,POLI,SOC,SOC,FALSE,FALSE
1272,ENGL,ENGL,HUM,HUM,FALSE,FALSE
1273,ECON,CSCI,SOC,APP,TRUE,TRUE
1274,BIOL,BIOL,NAT,NAT,FALSE,FALSE
1275,ENGL,ENGL,HUM,HUM,FALSE,FALSE
1276,MATH,MATH,NAT,NAT,FALSE,FALSE
1277,ECON,ECON,SOC,SOC,FALSE,FALSE
1278,RHET,RHET,HUM,HUM,FALSE,FALSE
1279,POLI,ASDS,SOC,APP,TRUE,TRUE
1280,ENVI,ENVI,NAT,NAT,FALSE,FALSE
1281,CSCI,CSCI,APP,APP,FALSE,FALSE
1282,ENVI,ENVI,NAT,NAT,FALSE,FALSE
1283,POLI,POLI,SOC,SOC,FALSE,FALSE
1284,POLI,POLI,SOC,SOC,FALSE,FALSE
1285,PSYC,PSYC,SOC,SOC,FALSE,FALSE
1286,MATH,ASDS,NAT,APP,TRUE,TRUE
1287,RHET,RHET,HUM,HUM,FALSE,FALSE
1288,HIST,HIST,SOC,SOC,FALSE,FALSE
1289,PSYC,PSYC,SOC,SOC,FALSE,FALSE
1290,CHEM,CHEM,NAT,NAT,FALSE,FALSE
1291,PSYC,PSYC,SOC,SOC,FALSE,FALSE
1292,POLI,ASDS,SOC,APP,TRUE,TRUE
1293,PSYC,PSYC,SOC,SOC,FALSE,FALSE
1294,ENGL,ENGL,HUM,HUM,FALSE,FALSE
1295,CSCI,CSCI,APP,APP,FALSE,FALSE
1296,ECON,ECON,SOC,SOC,FALSE,FALSE
1297,HIST,HIST,SOC,SOC,FALSE,FALSE
1298,ENVI,ENVI,NAT,NAT,FALSE,FALSE
1299,MATH,MATH,NAT,NAT,FALSE,FALSE
1300,ENVI,ENVI,NAT,NAT,FALSE,FALSE
1301,CSCI,CSCI,APP,APP,FALSE,FALSE
1302,CLAS,PHIL,HUM,HUM,FALSE,TRUE
1303,CHEM,CHEM,NAT,NAT,FALSE,FALSE
1304,PSYC,PSYC,SOC,SOC,FALSE,FALSE
1305,ECON,ECON,SOC,SOC,FALSE,FALSE
1306,ARTH,ARTH,HUM,HUM,FALSE,FALSE
1307,ENGL,ENGL,HUM,HUM,FALSE,FALSE
1308,THEA,THEA,HUM,HUM,FALSE,FALSE
1309,ARTH,ARTH,HUM,HUM,FALSE,FALSE
1310,CHEM,CHEM,NAT,NAT,FALSE,FALSE
1311,PSYC,PSYC,SOC,SOC,FALSE,FALSE
1312,ENGL,ENGL,HUM,HUM,FALSE,FALSE
1313,POLI,POLI,SOC,SOC,FALSE,FALSE
1314,POLI,POLI,SOC,SOC,FALSE,FALSE
1315,ENVI,ENVI,NAT,NAT,FALSE,FALSE
1316,POLI,POLI,SOC,SOC,FALSE,FALSE
1317,PSYC,PSYC,SOC,SOC,FALSE,FALSE
1318,SOCI,SOCI,SOC,SOC,FALSE,FALSE
1319,PHYS,PHYS,NAT,NAT,FALSE,FALSE
1320,CHEM,NEUR,NAT,APP,TRUE,TRUE
1321,POLI,POLI,SOC,SOC,FALSE,FALSE
1322,BIOL,BIOL,NAT,NAT,FALSE,FALSE
1323,ARTH,ARTH,HUM,HUM,FALSE,FALSE
1324,FREN,FREN,HUM,HUM,FALSE,FALSE
1325,CHEM,CHEM,NAT,NAT,FALSE,FALSE
1326,PHYS,PHYS,NAT,NAT,FALSE,FALSE
1327,PHYS,PHYS,NAT,NAT,FALSE,FALSE
1328,NEUR,NEUR,APP,APP,FALSE,FALSE
1329,GSWS,HIST,SOC,SOC,FALSE,TRUE
1330,BIOL,BIOL,NAT,NAT,FALSE,FALSE
1331,HIST,HIST,SOC,SOC,FALSE,FALSE
1332,ECON,ECON,SOC,SOC,FALSE,FALSE
1333,THEA,THEA,HUM,HUM,FALSE,FALSE
1334,SPAN,SPAN,HUM,HUM,FALSE,FALSE
1335,HIST,HIST,SOC,SOC,FALSE,FALSE
1336,MATH,MATH,NAT,NAT,FALSE,FALSE
1337,PSYC,PSYC,SOC,SOC,FALSE,FALSE
1338,POLI,HIST,SOC,SOC,FALSE,TRUE
1339,CHEM,BIOL,NAT,NAT,FALSE,TRUE
1340,CHEM,CHEM,NAT,NAT,FALSE,FALSE
1341,PHYS,PHYS,NAT,NAT,FALSE,FALSE
1342,POLI,POLI,SOC,SOC,FALSE,FALSE
1343,ENGL,ENGL,HUM,HUM,FALSE,FALSE
1344,SOCI,ASDS,SOC,APP,TRUE,TRUE
1345,BIOL,BIOL,NAT,NAT,FALSE,FALSE
1346,THEA,THEA,HUM,HUM,FALSE,FALSE
1347,PSYC,PSYC,SOC,SOC,FALSE,FALSE
1348,POLI,POLI,SOC,SOC,FALSE,FALSE
1349,RHET,RHET,HUM,HUM,FALSE,FALSE
1350,SOCI,SOCI,SOC,SOC,FALSE,FALSE
1351,ECON,ECON,SOC,SOC,FALSE,FALSE
1352,MATH,MATH,NAT,NAT,FALSE,FALSE
1353,PSYC,PSYC,SOC,SOC,FALSE,FALSE
1354,POLI,POLI,SOC,SOC,FALSE,FALSE
1355,ENGL,ENGL,HUM,HUM,FALSE,FALSE
1356,PSYC,PSYC,SOC,SOC,FALSE,FALSE
1357,PSYC,PSYC,SOC,SOC,FALSE,FALSE
1358,BIOL,BIOL,NAT,NAT,FALSE,FALSE
1359,HIST,HIST,SOC,SOC,FALSE,FALSE
1360,ECON,ECON,SOC,SOC,FALSE,FALSE
1361,CHEM,CHEM,NAT,NAT,FALSE,FALSE
1362,PHIL,PHIL,HUM,HUM,FALSE,FALSE
1363,PSYC,PSYC,SOC,SOC,FALSE,FALSE
1364,BIOL,BIOL,NAT,NAT,FALSE,FALSE
1365,ANTH,AFAM,SOC,SOC,FALSE,TRUE
1366,BIOL,ASDS,NAT,APP,TRUE,TRUE
1367,POLI,POLI,SOC,SOC,FALSE,FALSE
1368,PSYC,PSYC,SOC,SOC,FALSE,FALSE
1369,ANTH,ANTH,SOC,SOC,FALSE,FALSE
1370,ECON,ECON,SOC,SOC,FALSE,FALSE
1371,POLI,POLI,SOC,SOC,FALSE,FALSE
1372,MATH,MATH,NAT,NAT,FALSE,FALSE
1373,POLI,POLI,SOC,SOC,FALSE,FALSE
1374,BIOL,BIOL,NAT,NAT,FALSE,FALSE
1375,CHEM,CHEM,NAT,NAT,FALSE,FALSE
1376,POLI,POLI,SOC,SOC,FALSE,FALSE
1377,ENVI,ENVI,NAT,NAT,FALSE,FALSE
1378,PSYC,PSYC,SOC,SOC,FALSE,FALSE
1379,ENVI,ENVI,NAT,NAT,FALSE,FALSE
1380,MUSC,MUSC,HUM,HUM,FALSE,FALSE
1381,ECON,ECON,SOC,SOC,FALSE,FALSE
1382,THEA,MUSC,HUM,HUM,FALSE,TRUE
1383,PSYC,ASDS,SOC,APP,TRUE,TRUE
1384,ECON,MATH,SOC,NAT,TRUE,TRUE
1385,RHET,RHET,HUM,HUM,FALSE,FALSE
1386,POLI,POLI,SOC,SOC,FALSE,FALSE
1387,ECON,ECON,SOC,SOC,FALSE,FALSE
1388,SOCI,SOCI,SOC,SOC,FALSE,FALSE
1389,PSYC,PSYC,SOC,SOC,FALSE,FALSE
1390,BIOL,NEUR,NAT,APP,TRUE,TRUE
1391,POLI,POLI,SOC,SOC,FALSE,FALSE
1392,ANTH,ANTH,SOC,SOC,FALSE,FALSE
1393,ECON,ECON,SOC,SOC,FALSE,FALSE
1394,CHEM,CHEM,NAT,NAT,FALSE,FALSE
1395,PSYC,PSYC,SOC,SOC,FALSE,FALSE
1396,CHEM,CHEM,NAT,NAT,FALSE,FALSE
1397,ENVI,ENVI,NAT,NAT,FALSE,FALSE
1398,PSYC,PSYC,SOC,SOC,FALSE,FALSE
1399,SOCI,PSYC,SOC,SOC,FALSE,TRUE
1400,BIOL,BIOL,NAT,NAT,FALSE,FALSE
1401,HIST,CLAS,SOC,HUM,TRUE,TRUE
1402,PSYC,ASDS,SOC,APP,TRUE,TRUE
1403,MATH,PHYS,NAT,NAT,FALSE,TRUE
1404,POLI,POLI,SOC,SOC,FALSE,FALSE
1405,ECON,ECON,SOC,SOC,FALSE,FALSE
1406,ECON,ECON,SOC,SOC,FALSE,FALSE
1407,ENVI,ENVI,NAT,NAT,FALSE,FALSE
1408,MATH,MATH,NAT,NAT,FALSE,FALSE
1409,ECON,ECON,SOC,SOC,FALSE,FALSE
1410,ENVI,ENVI,NAT,NAT,FALSE,FALSE
1411,POLI,POLI,SOC,SOC,FALSE,FALSE
1412,ENVI,ENVI,NAT,NAT,FALSE,FALSE
1413,PSYC,PSYC,SOC,SOC,FALSE,FALSE
1414,POLI,POLI,SOC,SOC,FALSE,FALSE
1415,ECON,ECON,SOC,SOC,FALSE,FALSE
1416,BIOL,BIOL,NAT,NAT,FALSE,FALSE
1417,RHET,RHET,HUM,HUM,FALSE,FALSE
1418,PSYC,PSYC,SOC,SOC,FALSE,FALSE
1419,ENVI,ENVI,NAT,NAT,FALSE,FALSE
1420,NEUR,NEUR,APP,APP,FALSE,FALSE
1421,ENVI,CHEM,NAT,NAT,FALSE,TRUE
1422,BIOL,BIOL,NAT,NAT,FALSE,FALSE
1423,ART,ART,HUM,HUM,FALSE,FALSE
1424,PHYS,PHYS,NAT,NAT,FALSE,FALSE
1425,CHEM,CHEM,NAT,NAT,FALSE,FALSE
1426,MUSC,MUSC,HUM,HUM,FALSE,FALSE
1427,POLI,POLI,SOC,SOC,FALSE,FALSE
1428,ECON,ECON,SOC,SOC,FALSE,FALSE
1429,PHYS,PHYS,NAT,NAT,FALSE,FALSE
1430,THEA,RHET,HUM,HUM,FALSE,TRUE
1431,POLI,POLI,SOC,SOC,FALSE,FALSE
1432,FREN,FREN,HUM,HUM,FALSE,FALSE
1433,FREN,FREN,HUM,HUM,FALSE,FALSE
1434,CSCI,CSCI,APP,APP,FALSE,FALSE
1435,ENVI,ENVI,NAT,NAT,FALSE,FALSE
1436,MATH,MATH,NAT,NAT,FALSE,FALSE
1437,POLI,POLI,SOC,SOC,FALSE,FALSE
1438,ART,ARTH,HUM,HUM,FALSE,TRUE
1439,ECON,ECON,SOC,SOC,FALSE,FALSE
1440,POLI,POLI,SOC,SOC,FALSE,FALSE
1441,HIST,HIST,SOC,SOC,FALSE,FALSE
1442,POLI,POLI,SOC,SOC,FALSE,FALSE
1443,SPAN,SPAN,HUM,HUM,FALSE,FALSE
1444,HIST,HIST,SOC,SOC,FALSE,FALSE
1445,ENVI,CHEM,NAT,NAT,FALSE,TRUE
1446,HIST,HIST,SOC,SOC,FALSE,FALSE
1447,HIST,POLI,SOC,SOC,FALSE,TRUE
1448,ANTH,ANTH,SOC,SOC,FALSE,FALSE
1449,HIST,HIST,SOC,SOC,FALSE,FALSE
1450,THEA,THEA,HUM,HUM,FALSE,FALSE
1451,SPAN,ANTH,HUM,SOC,TRUE,TRUE
1452,SOCI,SOCI,SOC,SOC,FALSE,FALSE
1453,RHET,RHET,HUM,HUM,FALSE,FALSE
1454,ENVI,ENVI,NAT,NAT,FALSE,FALSE
1455,ECON,ECON,SOC,SOC,FALSE,FALSE
1456,GSWS,GSWS,SOC,SOC,FALSE,FALSE
1457,POLI,POLI,SOC,SOC,FALSE,FALSE
1458,PSYC,PSYC,SOC,SOC,FALSE,FALSE
1459,ECON,ECON,SOC,SOC,FALSE,FALSE
1460,POLI,POLI,SOC,SOC,FALSE,FALSE
1461,SOCI,ANTH,SOC,SOC,FALSE,TRUE
1462,MATH,MATH,NAT,NAT,FALSE,FALSE
1463,CHEM,CHEM,NAT,NAT,FALSE,FALSE
1464,PSYC,PSYC,SOC,SOC,FALSE,FALSE
1465,MATH,MATH,NAT,NAT,FALSE,FALSE
1466,HIST,HIST,SOC,SOC,FALSE,FALSE
1467,POLI,POLI,SOC,SOC,FALSE,FALSE
1468,POLI,POLI,SOC,SOC,FALSE,FALSE
1469,ENVI,ENVI,NAT,NAT,FALSE,FALSE
1470,POLI,POLI,SOC,SOC,FALSE,FALSE
1471,PHYS,CSCI,NAT,APP,TRUE,TRUE
1472,ECON,POLI,SOC,SOC,FALSE,TRUE
1473,BIOL,BIOL,NAT,NAT,FALSE,FALSE
1474,NEUR,NEUR,APP,APP,FALSE,FALSE
1475,POLI,POLI,SOC,SOC,FALSE,FALSE
1476,BIOL,BIOL,NAT,NAT,FALSE,FALSE
1477,PHIL,PHIL,HUM,HUM,FALSE,FALSE
1478,POLI,POLI,SOC,SOC,FALSE,FALSE
1479,CHEM,CHEM,NAT,NAT,FALSE,FALSE
1480,PHYS,PHYS,NAT,NAT,FALSE,FALSE
1481,ECON,ECON,SOC,SOC,FALSE,FALSE
1482,ASDS,ASDS,APP,APP,FALSE,FALSE
1483,ART,ART,HUM,HUM,FALSE,FALSE
1484,CHEM,CHEM,NAT,NAT,FALSE,FALSE
1485,ECON,ECON,SOC,SOC,FALSE,FALSE
1486,SOCI,SOCI,SOC,SOC,FALSE,FALSE
1487,PSYC,PSYC,SOC,SOC,FALSE,FALSE
1488,ASIA,ANTH,HUM,SOC,TRUE,TRUE
1489,PSYC,PSYC,SOC,SOC,FALSE,FALSE
1490,SOCI,SOCI,SOC,SOC,FALSE,FALSE
1491,RHET,RHET,HUM,HUM,FALSE,FALSE
1492,ECON,ECON,SOC,SOC,FALSE,FALSE
1493,POLI,POLI,SOC,SOC,FALSE,FALSE
1494,BIOL,BIOL,NAT,NAT,FALSE,FALSE
1495,ENVI,ENVI,NAT,NAT,FALSE,FALSE
1496,MATH,MATH,NAT,NAT,FALSE,FALSE
1497,HIST,POLI,SOC,SOC,FALSE,TRUE
1498,RHET,POLI,HUM,SOC,TRUE,TRUE
1499,POLI,POLI,SOC,SOC,FALSE,FALSE
1500,ECON,ECON,SOC,SOC,FALSE,FALSE
1501,PSYC,NEUR,SOC,APP,TRUE,TRUE
1502,ASIA,ASIA,HUM,HUM,FALSE,FALSE
1503,PSYC,PSYC,SOC,SOC,FALSE,FALSE
1504,FREN,FREN,HUM,HUM,FALSE,FALSE
1505,ENVI,ENVI,NAT,NAT,FALSE,FALSE
1506,ENGL,ENGL,HUM,HUM,FALSE,FALSE
1507,SOCI,SOCI,SOC,SOC,FALSE,FALSE
1508,POLI,POLI,SOC,SOC,FALSE,FALSE
1509,PSYC,PSYC,SOC,SOC,FALSE,FALSE
1510,BIOL,BIOL,NAT,NAT,FALSE,FALSE
1511,HIST,HIST,SOC,SOC,FALSE,FALSE
1512,PSYC,PSYC,SOC,SOC,FALSE,FALSE
1513,MATH,MATH,NAT,NAT,FALSE,FALSE
1514,PSYC,PSYC,SOC,SOC,FALSE,FALSE
1515,ARTH,ARTH,HUM,HUM,FALSE,FALSE
1516,PSYC,PSYC,SOC,SOC,FALSE,FALSE
1517,SOCI,SOCI,SOC,SOC,FALSE,FALSE
1518,POLI,ECON,SOC,SOC,FALSE,TRUE
1519,SOCI,PSYC,SOC,SOC,FALSE,TRUE
1520,ASIA,RELI,HUM,HUM,FALSE,TRUE
1521,RHET,RHET,HUM,HUM,FALSE,FALSE
1522,ENVI,ENVI,NAT,NAT,FALSE,FALSE
1523,CHEM,CHEM,NAT,NAT,FALSE,FALSE
1524,MATH,MATH,NAT,NAT,FALSE,FALSE
1525,BIOL,BIOL,NAT,NAT,FALSE,FALSE
1526,POLI,POLI,SOC,SOC,FALSE,FALSE
1527,SOCI,SOCI,SOC,SOC,FALSE,FALSE
1528,RHET,RHET,HUM,HUM,FALSE,FALSE
1529,PHYS,PHYS,NAT,NAT,FALSE,FALSE
1530,PHIL,PHIL,HUM,HUM,FALSE,FALSE
1531,POLI,POLI,SOC,SOC,FALSE,FALSE
1532,ANTH,ANTH,SOC,SOC,FALSE,FALSE
1533,POLI,HIST,SOC,SOC,FALSE,TRUE
1534,ENGL,ENGL,HUM,HUM,FALSE,FALSE
1535,ECON,ECON,SOC,SOC,FALSE,FALSE
1536,MUSC,MUSC,HUM,HUM,FALSE,FALSE
1537,ECON,ECON,SOC,SOC,FALSE,FALSE
1538,ECON,ECON,SOC,SOC,FALSE,FALSE
1539,HIST,HIST,SOC,SOC,FALSE,FALSE
1540,RHET,ENGL,HUM,HUM,FALSE,TRUE
1541,GSWS,GSWS,SOC,SOC,FALSE,FALSE
1542,PHYS,PHYS,NAT,NAT,FALSE,FALSE
1543,ECON,ASDS,SOC,APP,TRUE,TRUE
1544,POLI,POLI,SOC,SOC,FALSE,FALSE
1545,BIOL,BIOL,NAT,NAT,FALSE,FALSE
1546,NEUR,NEUR,APP,APP,FALSE,FALSE
1547,ECON,ECON,SOC,SOC,FALSE,FALSE
1548,MATH,MATH,NAT,NAT,FALSE,FALSE
1549,PHIL,PHIL,HUM,HUM,FALSE,FALSE
1550,MATH,MATH,NAT,NAT,FALSE,FALSE
1551,ENVI,ENVI,NAT,NAT,FALSE,FALSE
1552,ANTH,SOCI,SOC,SOC,FALSE,TRUE
1553,SOCI,SOCI,SOC,SOC,FALSE,FALSE
1554,BIOL,BIOL,NAT,NAT,FALSE,FALSE
1555,MATH,MATH,NAT,NAT,FALSE,FALSE
1556,RHET,RHET,HUM,HUM,FALSE,FALSE
1557,ECON,ECON,SOC,SOC,FALSE,FALSE
1558,ENVI,ENVI,NAT,NAT,FALSE,FALSE
1559,BIOL,BIOL,NAT,NAT,FALSE,FALSE
1560,SOCI,SOCI,SOC,SOC,FALSE,FALSE
1561,ENVI,ENVI,NAT,NAT,FALSE,FALSE
1562,AFAM,AFAM,SOC,SOC,FALSE,FALSE
1563,RHET,RHET,HUM,HUM,FALSE,FALSE
1564,ECON,ECON,SOC,SOC,FALSE,FALSE
1565,PSYC,PSYC,SOC,SOC,FALSE,FALSE
1566,RHET,RHET,HUM,HUM,FALSE,FALSE
1567,PSYC,PSYC,SOC,SOC,FALSE,FALSE
1568,AFAM,AFAM,SOC,SOC,FALSE,FALSE
1569,PHYS,PHYS,NAT,NAT,FALSE,FALSE
1570,ENVI,ENVI,NAT,NAT,FALSE,FALSE
1571,POLI,ECON,SOC,SOC,FALSE,TRUE
1572,ART,ART,HUM,HUM,FALSE,FALSE
1573,POLI,POLI,SOC,SOC,FALSE,FALSE
1574,ECON,ASDS,SOC,APP,TRUE,TRUE
1575,SOCI,SOCI,SOC,SOC,FALSE,FALSE
1576,MATH,MATH,NAT,NAT,FALSE,FALSE
1577,ENVI,ENVI,NAT,NAT,FALSE,FALSE
1578,ECON,ASDS,SOC,APP,TRUE,TRUE
1579,RELI,ENGL,HUM,HUM,FALSE,TRUE
1580,PSYC,PSYC,SOC,SOC,FALSE,FALSE
1581,HIST,HIST,SOC,SOC,FALSE,FALSE
1582,ECON,ECON,SOC,SOC,FALSE,FALSE
1583,SOCI,SOCI,SOC,SOC,FALSE,FALSE
1584,ECON,ECON,SOC,SOC,FALSE,FALSE
1585,PHIL,POLI,HUM,SOC,TRUE,TRUE
1586,POLI,POLI,SOC,SOC,FALSE,FALSE
1587,CHEM,BIOL,NAT,NAT,FALSE,TRUE
1588,ECON,ECON,SOC,SOC,FALSE,FALSE
1589,CHEM,CHEM,NAT,NAT,FALSE,FALSE
1590,CHEM,CHEM,NAT,NAT,FALSE,FALSE
1591,ECON,ECON,SOC,SOC,FALSE,FALSE
1592,RHET,RHET,HUM,HUM,FALSE,FALSE
1593,PSYC,PSYC,SOC,SOC,FALSE,FALSE
1594,ECON,MATH,SOC,NAT,TRUE,TRUE
1595,PSYC,PSYC,SOC,SOC,FALSE,FALSE
1596,SOCI,HIST,SOC,SOC,FALSE,TRUE
1597,SOCI,SOCI,SOC,SOC,FALSE,FALSE
1598,PSYC,PSYC,SOC,SOC,FALSE,FALSE
1599,ECON,ECON,SOC,SOC,FALSE,FALSE
1600,SOCI,SOCI,SOC,SOC,FALSE,FALSE
1601,RHET,RHET,HUM,HUM,FALSE,FALSE
1602,MATH,ECON,NAT,SOC,TRUE,TRUE
1603,PHYS,PHYS,NAT,NAT,FALSE,FALSE
1604,ECON,ECON,SOC,SOC,FALSE,FALSE
1605,HIST,HIST,SOC,SOC,FALSE,FALSE
1606,ENGL,ENGL,HUM,HUM,FALSE,FALSE
1607,BIOL,BIOL,NAT,NAT,FALSE,FALSE
1608,CLAS,ARTH,HUM,HUM,FALSE,TRUE
1609,PSYC,PSYC,SOC,SOC,FALSE,FALSE
1610,SOCI,SOCI,SOC,SOC,FALSE,FALSE
1611,ENVI,ENVI,NAT,NAT,FALSE,FALSE
1612,ENVI,SOCI,NAT,SOC,TRUE,TRUE
1613,POLI,ECON,SOC,SOC,FALSE,TRUE
1614,AFAM,AFAM,SOC,SOC,FALSE,FALSE
1615,RHET,PHIL,HUM,HUM,FALSE,TRUE
1616,PHYS,PHYS,NAT,NAT,FALSE,FALSE
1617,ARTH,ARTH,HUM,HUM,FALSE,FALSE
1618,MATH,MATH,NAT,NAT,FALSE,FALSE
1619,ENGL,ENGL,HUM,HUM,FALSE,FALSE
1620,ASIA,ANTH,HUM,SOC,TRUE,TRUE
1621,ECON,ECON,SOC,SOC,FALSE,FALSE
1622,ASIA,ASIA,HUM,HUM,FALSE,FALSE
1623,ASIA,ASIA,HUM,HUM,FALSE,FALSE
1624,PSYC,PSYC,SOC,SOC,FALSE,FALSE
1625,NEUR,NEUR,APP,APP,FALSE,FALSE
1626,PHYS,MATH,NAT,NAT,FALSE,TRUE
1627,HIST,POLI,SOC,SOC,FALSE,TRUE
1628,POLI,POLI,SOC,SOC,FALSE,FALSE
1629,PSYC,PSYC,SOC,SOC,FALSE,FALSE
1630,POLI,POLI,SOC,SOC,FALSE,FALSE
1631,ECON,ECON,SOC,SOC,FALSE,FALSE
1632,ECON,ECON,SOC,SOC,FALSE,FALSE
1633,BIOL,BIOL,NAT,NAT,FALSE,FALSE
1634,PSYC,PSYC,SOC,SOC,FALSE,FALSE
1635,PHYS,PHYS,NAT,NAT,FALSE,FALSE
1636,CSCI,CSCI,APP,APP,FALSE,FALSE
1637,ECON,ECON,SOC,SOC,FALSE,FALSE
1638,ECON,ECON,SOC,SOC,FALSE,FALSE
1639,AFAM,AFAM,SOC,SOC,FALSE,FALSE
1640,ARTH,CLAS,HUM,HUM,FALSE,TRUE
1641,PSYC,PSYC,SOC,SOC,FALSE,FALSE
1642,ENGL,ENGL,HUM,HUM,FALSE,FALSE
1643,ENVI,ENVI,NAT,NAT,FALSE,FALSE
1644,PSYC,PSYC,SOC,SOC,FALSE,FALSE
1645,ENVI,ENVI,NAT,NAT,FALSE,FALSE
1646,ECON,ECON,SOC,SOC,FALSE,FALSE
1647,POLI,POLI,SOC,SOC,FALSE,FALSE
1648,FREN,HIST,HUM,SOC,TRUE,TRUE
1649,ENVI,ENVI,NAT,NAT,FALSE,FALSE
1650,POLI,POLI,SOC,SOC,FALSE,FALSE
1651,PHYS,PHYS,NAT,NAT,FALSE,FALSE
1652,PSYC,PSYC,SOC,SOC,FALSE,FALSE
1653,ECON,ECON,SOC,SOC,FALSE,FALSE
1654,AFAM,AFAM,SOC,SOC,FALSE,FALSE
1655,PSYC,PSYC,SOC,SOC,FALSE,FALSE
1656,ENGL,ENGL,HUM,HUM,FALSE,FALSE
1657,SOCI,ASDS,SOC,APP,TRUE,TRUE
1658,ENVI,ENVI,NAT,NAT,FALSE,FALSE
1659,CHEM,CHEM,NAT,NAT,FALSE,FALSE
1660,CLAS,CLAS,HUM,HUM,FALSE,FALSE
1661,CHEM,CHEM,NAT,NAT,FALSE,FALSE
1662,MUSC,MUSC,HUM,HUM,FALSE,FALSE
1663,RHET,PHIL,HUM,HUM,FALSE,TRUE
1664,ENGL,ENGL,HUM,HUM,FALSE,FALSE
1665,CHEM,CHEM,NAT,NAT,FALSE,FALSE
1666,PSYC,PSYC,SOC,SOC,FALSE,FALSE
1667,PHYS,PHYS,NAT,NAT,FALSE,FALSE
1668,ENVI,ENVI,NAT,NAT,FALSE,FALSE
1669,PSYC,PSYC,SOC,SOC,FALSE,FALSE
1670,HIST,HIST,SOC,SOC,FALSE,FALSE
1671,ECON,ECON,SOC,SOC,FALSE,FALSE
1672,ECON,ECON,SOC,SOC,FALSE,FALSE
1673,MATH,MATH,NAT,NAT,FALSE,FALSE
1674,ECON,ECON,SOC,SOC,FALSE,FALSE
1675,ENVI,ENVI,NAT,NAT,FALSE,FALSE
1676,ECON,ECON,SOC,SOC,FALSE,FALSE
1677,PHIL,PHIL,HUM,HUM,FALSE,FALSE
1678,PSYC,PSYC,SOC,SOC,FALSE,FALSE
1679,ECON,ECON,SOC,SOC,FALSE,FALSE
1680,GSWS,GSWS,SOC,SOC,FALSE,FALSE
1681,PHYS,PHYS,NAT,NAT,FALSE,FALSE
1682,PHIL,PHIL,HUM,HUM,FALSE,FALSE
1683,POLI,ASDS,SOC,APP,TRUE,TRUE
1684,PSYC,SOCI,SOC,SOC,FALSE,TRUE
1685,ECON,ECON,SOC,SOC,FALSE,FALSE
1686,BIOL,BIOL,NAT,NAT,FALSE,FALSE
1687,ENVI,ENVI,NAT,NAT,FALSE,FALSE
1688,ECON,ECON,SOC,SOC,FALSE,FALSE
1689,CHEM,MATH,NAT,NAT,FALSE,TRUE
1690,RHET,RHET,HUM,HUM,FALSE,FALSE
1691,PSYC,PSYC,SOC,SOC,FALSE,FALSE
1692,ENVI,ENVI,NAT,NAT,FALSE,FALSE
1693,ECON,POLI,SOC,SOC,FALSE,TRUE
1694,ARTH,HIST,HUM,SOC,TRUE,TRUE
1695,PSYC,PSYC,SOC,SOC,FALSE,FALSE
1696,NEUR,NEUR,APP,APP,FALSE,FALSE
1697,NEUR,NEUR,APP,APP,FALSE,FALSE
1698,PSYC,PSYC,SOC,SOC,FALSE,FALSE
1699,PHYS,PHYS,NAT,NAT,FALSE,FALSE
1700,POLI,POLI,SOC,SOC,FALSE,FALSE
1701,ECON,ECON,SOC,SOC,FALSE,FALSE
1702,PSYC,PSYC,SOC,SOC,FALSE,FALSE
1703,ENGL,ENGL,HUM,HUM,FALSE,FALSE
1704,BIOL,BIOL,NAT,NAT,FALSE,FALSE
1705,ENVI,ENVI,NAT,NAT,FALSE,FALSE
1706,HIST,HIST,SOC,SOC,FALSE,FALSE
1707,ECON,ECON,SOC,SOC,FALSE,FALSE
1708,PSYC,PSYC,SOC,SOC,FALSE,FALSE
1709,MATH,MATH,NAT,NAT,FALSE,FALSE
1710,CSCI,CSCI,APP,APP,FALSE,FALSE
1711,ENVI,ENVI,NAT,NAT,FALSE,FALSE
1712,CSCI,CSCI,APP,APP,FALSE,FALSE
1713,CSCI,CSCI,APP,APP,FALSE,FALSE
1714,THEA,ENGL,HUM,HUM,FALSE,TRUE
1715,BIOL,CHEM,NAT,NAT,FALSE,TRUE
1716,PSYC,PSYC,SOC,SOC,FALSE,FALSE
1717,ANTH,HIST,SOC,SOC,FALSE,TRUE
1718,POLI,POLI,SOC,SOC,FALSE,FALSE
1719,POLI,POLI,SOC,SOC,FALSE,FALSE
1720,PHIL,HIST,HUM,SOC,TRUE,TRUE
1721,HIST,HIST,SOC,SOC,FALSE,FALSE
1722,MATH,MATH,NAT,NAT,FALSE,FALSE
1723,MATH,MATH,NAT,NAT,FALSE,FALSE
1724,ECON,ECON,SOC,SOC,FALSE,FALSE
1725,HIST,ENGL,SOC,HUM,TRUE,TRUE
1726,CHEM,CHEM,NAT,NAT,FALSE,FALSE
1727,SOCI,HIST,SOC,SOC,FALSE,TRUE
1728,PHIL,PHIL,HUM,HUM,FALSE,FALSE
1729,CHEM,CHEM,NAT,NAT,FALSE,FALSE
1730,PSYC,ASDS,SOC,APP,TRUE,TRUE
1731,BIOL,NEUR,NAT,APP,TRUE,TRUE
1732,HIST,HIST,SOC,SOC,FALSE,FALSE
1733,FREN,FREN,HUM,HUM,FALSE,FALSE
1734,PSYC,PSYC,SOC,SOC,FALSE,FALSE
1735,PHIL,PHIL,HUM,HUM,FALSE,FALSE
1736,PSYC,PSYC,SOC,SOC,FALSE,FALSE
1737,POLI,POLI,SOC,SOC,FALSE,FALSE
1738,NEUR,CHEM,APP,NAT,TRUE,TRUE
1739,FREN,SPAN,HUM,HUM,FALSE,TRUE
1740,PSYC,PSYC,SOC,SOC,FALSE,FALSE
1741,SOCI,SOCI,SOC,SOC,FALSE,FALSE
1742,PSYC,PSYC,SOC,SOC,FALSE,FALSE
1743,POLI,POLI,SOC,SOC,FALSE,FALSE
1744,ECON,ECON,SOC,SOC,FALSE,FALSE
1745,SOCI,SOCI,SOC,SOC,FALSE,FALSE
1746,PSYC,PSYC,SOC,SOC,FALSE,FALSE
1747,BIOL,BIOL,NAT,NAT,FALSE,FALSE
1748,SOCI,POLI,SOC,SOC,FALSE,TRUE
1749,SOCI,SOCI,SOC,SOC,FALSE,FALSE
1750,POLI,POLI,SOC,SOC,FALSE,FALSE
1751,ECON,ECON,SOC,SOC,FALSE,FALSE
1752,RHET,RHET,HUM,HUM,FALSE,FALSE
1753,ECON,ECON,SOC,SOC,FALSE,FALSE
1754,HIST,HIST,SOC,SOC,FALSE,FALSE
1755,FREN,FREN,HUM,HUM,FALSE,FALSE
1756,ECON,ECON,SOC,SOC,FALSE,FALSE
1757,PHIL,HIST,HUM,SOC,TRUE,TRUE
1758,POLI,POLI,SOC,SOC,FALSE,FALSE
1759,ECON,ECON,SOC,SOC,FALSE,FALSE
1760,CHEM,CHEM,NAT,NAT,FALSE,FALSE
1761,ECON,POLI,SOC,SOC,FALSE,TRUE
1762,ECON,ECON,SOC,SOC,FALSE,FALSE
1763,ART,ART,HUM,HUM,FALSE,FALSE
1764,ECON,ECON,SOC,SOC,FALSE,FALSE
1765,RELI,RELI,HUM,HUM,FALSE,FALSE
1766,SPAN,SPAN,HUM,HUM,FALSE,FALSE
1767,ECON,ECON,SOC,SOC,FALSE,FALSE
1768,ENVI,POLI,NAT,SOC,TRUE,TRUE
1769,PSYC,PSYC,SOC,SOC,FALSE,FALSE
1770,THEA,THEA,HUM,HUM,FALSE,FALSE
1771,ASDS,ASDS,APP,APP,FALSE,FALSE
1772,SOCI,SOCI,SOC,SOC,FALSE,FALSE
1773,HIST,HIST,SOC,SOC,FALSE,FALSE
1774,ENGL,ENGL,HUM,HUM,FALSE,FALSE
1775,SOCI,SOCI,SOC,SOC,FALSE,FALSE
1776,ECON,ECON,SOC,SOC,FALSE,FALSE
1777,CHEM,CHEM,NAT,NAT,FALSE,FALSE
1778,CHEM,CHEM,NAT,NAT,FALSE,FALSE
1779,FREN,FREN,HUM,HUM,FALSE,FALSE
1780,BIOL,BIOL,NAT,NAT,FALSE,FALSE
1781,BIOL,BIOL,NAT,NAT,FALSE,FALSE
1782,PSYC,PSYC,SOC,SOC,FALSE,FALSE
1783,SPAN,SPAN,HUM,HUM,FALSE,FALSE
1784,POLI,POLI,SOC,SOC,FALSE,FALSE
1785,ENVI,ENVI,NAT,NAT,FALSE,FALSE
1786,ENVI,ENVI,NAT,NAT,FALSE,FALSE
1787,ENGL,RHET,HUM,HUM,FALSE,TRUE
1788,HIST,HIST,SOC,SOC,FALSE,FALSE
1789,ECON,ECON,SOC,SOC,FALSE,FALSE
1790,POLI,POLI,SOC,SOC,FALSE,FALSE
1791,SOCI,SOCI,SOC,SOC,FALSE,FALSE
1792,PHYS,PHYS,NAT,NAT,FALSE,FALSE
1793,ANTH,ANTH,SOC,SOC,FALSE,FALSE
1794,RHET,RHET,HUM,HUM,FALSE,FALSE
1795,BIOL,BIOL,NAT,NAT,FALSE,FALSE
1796,PSYC,PSYC,SOC,SOC,FALSE,FALSE
1797,ARTH,ARTH,HUM,HUM,FALSE,FALSE
1798,ECON,ECON,SOC,SOC,FALSE,FALSE
1799,AFAM,AFAM,SOC,SOC,FALSE,FALSE
1800,PSYC,PSYC,SOC,SOC,FALSE,FALSE
1801,PHIL,PHIL,HUM,HUM,FALSE,FALSE
1802,ENVI,ENVI,NAT,NAT,FALSE,FALSE
1803,ENVI,CHEM,NAT,NAT,FALSE,TRUE
1804,RELI,RELI,HUM,HUM,FALSE,FALSE
1805,SOCI,SOCI,SOC,SOC,FALSE,FALSE
1806,HIST,HIST,SOC,SOC,FALSE,FALSE
1807,POLI,POLI,SOC,SOC,FALSE,FALSE
1808,PSYC,PSYC,SOC,SOC,FALSE,FALSE
1809,CLAS,CLAS,HUM,HUM,FALSE,FALSE
1810,MATH,MATH,NAT,NAT,FALSE,FALSE
1811,PSYC,PSYC,SOC,SOC,FALSE,FALSE
1812,ENVI,ENVI,NAT,NAT,FALSE,FALSE
1813,SOCI,PSYC,SOC,SOC,FALSE,TRUE
1814,SOCI,SOCI,SOC,SOC,FALSE,FALSE
1815,SOCI,SOCI,SOC,SOC,FALSE,FALSE
1816,SOCI,SOCI,SOC,SOC,FALSE,FALSE
1817,HIST,HIST,SOC,SOC,FALSE,FALSE
1818,PSYC,PSYC,SOC,SOC,FALSE,FALSE
1819,PSYC,PSYC,SOC,SOC,FALSE,FALSE
1820,ARTH,ARTH,HUM,HUM,FALSE,FALSE
1821,HIST,HIST,SOC,SOC,FALSE,FALSE
1822,PHIL,PHIL,HUM,HUM,FALSE,FALSE
1823,SOCI,SOCI,SOC,SOC,FALSE,FALSE
1824,POLI,POLI,SOC,SOC,FALSE,FALSE
1825,ARTH,ARTH,HUM,HUM,FALSE,FALSE
1826,PSYC,PSYC,SOC,SOC,FALSE,FALSE
1827,ENGL,ENGL,HUM,HUM,FALSE,FALSE
1828,PSYC,PSYC,SOC,SOC,FALSE,FALSE
1829,THEA,THEA,HUM,HUM,FALSE,FALSE
1830,PHIL,POLI,HUM,SOC,TRUE,TRUE
1831,ECON,MATH,SOC,NAT,TRUE,TRUE
1832,PHIL,PHIL,HUM,HUM,FALSE,FALSE
1833,BIOL,BIOL,NAT,NAT,FALSE,FALSE
1834,POLI,ECON,SOC,SOC,FALSE,TRUE
1835,SOCI,SOCI,SOC,SOC,FALSE,FALSE
1836,ENGL,ENGL,HUM,HUM,FALSE,FALSE
1837,HIST,HIST,SOC,SOC,FALSE,FALSE
1838,MATH,MATH,NAT,NAT,FALSE,FALSE
1839,POLI,ECON,SOC,SOC,FALSE,TRUE
1840,ASIA,POLI,HUM,SOC,TRUE,TRUE
1841,SPAN,ANTH,HUM,SOC,TRUE,TRUE
1842,ENGL,ENGL,HUM,HUM,FALSE,FALSE
1843,POLI,POLI,SOC,SOC,FALSE,FALSE
1844,RELI,RELI,HUM,HUM,FALSE,FALSE
1845,PSYC,PSYC,SOC,SOC,FALSE,FALSE
1846,HIST,POLI,SOC,SOC,FALSE,TRUE
1847,MATH,MATH,NAT,NAT,FALSE,FALSE
1848,PHYS,PHYS,NAT,NAT,FALSE,FALSE
1849,RHET,RHET,HUM,HUM,FALSE,FALSE
1850,NEUR,NEUR,APP,APP,FALSE,FALSE
1851,PHIL,PHIL,HUM,HUM,FALSE,FALSE
1852,BIOL,BIOL,NAT,NAT,FALSE,FALSE
1853,ECON,MATH,SOC,NAT,TRUE,TRUE
1854,MUSC,MUSC,HUM,HUM,FALSE,FALSE
1855,ENVI,ENVI,NAT,NAT,FALSE,FALSE
1856,PHYS,MATH,NAT,NAT,FALSE,TRUE
1857,PSYC,PSYC,SOC,SOC,FALSE,FALSE
1858,ARTH,ARTH,HUM,HUM,FALSE,FALSE
1859,CSCI,CSCI,APP,APP,FALSE,FALSE
1860,HIST,HIST,SOC,SOC,FALSE,FALSE
1861,MATH,MATH,NAT,NAT,FALSE,FALSE
1862,ARTH,ARTH,HUM,HUM,FALSE,FALSE
1863,PHIL,PHIL,HUM,HUM,FALSE,FALSE
1864,CHEM,CHEM,NAT,NAT,FALSE,FALSE
1865,RHET,RHET,HUM,HUM,FALSE,FALSE
1866,PHYS,PHYS,NAT,NAT,FALSE,FALSE
1867,POLI,POLI,SOC,SOC,FALSE,FALSE
1868,ENGL,ENGL,HUM,HUM,FALSE,FALSE
1869,SOCI,SOCI,SOC,SOC,FALSE,FALSE
1870,ANTH,ANTH,SOC,SOC,FALSE,FALSE
1871,PSYC,NEUR,SOC,APP,TRUE,TRUE
1872,MATH,MATH,NAT,NAT,FALSE,FALSE
1873,ENGL,ENGL,HUM,HUM,FALSE,FALSE
1874,SOCI,SOCI,SOC,SOC,FALSE,FALSE
1875,PHIL,PHIL,HUM,HUM,FALSE,FALSE
1876,POLI,POLI,SOC,SOC,FALSE,FALSE
1877,ECON,ECON,SOC,SOC,FALSE,FALSE
1878,ECON,ECON,SOC,SOC,FALSE,FALSE
1879,PSYC,PSYC,SOC,SOC,FALSE,FALSE
1880,PSYC,PSYC,SOC,SOC,FALSE,FALSE
1881,PSYC,PSYC,SOC,SOC,FALSE,FALSE
1882,CSCI,CSCI,APP,APP,FALSE,FALSE
1883,ECON,POLI,SOC,SOC,FALSE,TRUE
1884,PSYC,PSYC,SOC,SOC,FALSE,FALSE
1885,ARTH,ARTH,HUM,HUM,FALSE,FALSE
1886,RHET,RHET,HUM,HUM,FALSE,FALSE
1887,CHEM,CHEM,NAT,NAT,FALSE,FALSE
1888,POLI,POLI,SOC,SOC,FALSE,FALSE
1889,PSYC,PSYC,SOC,SOC,FALSE,FALSE
1890,NEUR,NEUR,APP,APP,FALSE,FALSE
1891,ENGL,ENGL,HUM,HUM,FALSE,FALSE
1892,CSCI,MATH,APP,NAT,TRUE,TRUE
1893,PSYC,PSYC,SOC,SOC,FALSE,FALSE
1894,POLI,ECON,SOC,SOC,FALSE,TRUE
1895,ENVI,POLI,NAT,SOC,TRUE,TRUE
1896,POLI,POLI,SOC,SOC,FALSE,FALSE
1897,THEA,THEA,HUM,HUM,FALSE,FALSE
1898,ECON,ECON,SOC,SOC,FALSE,FALSE
1899,ENVI,ENVI,NAT,NAT,FALSE,FALSE
1900,PSYC,PSYC,SOC,SOC,FALSE,FALSE
1901,ARTH,ARTH,HUM,HUM,FALSE,FALSE
1902,NEUR,NEUR,APP,APP,FALSE,FALSE
1903,ART,ART,HUM,HUM,FALSE,FALSE
1904,HIST,HIST,SOC,SOC,FALSE,FALSE
1905,ECON,ECON,SOC,SOC,FALSE,FALSE
1906,SPAN,SPAN,HUM,HUM,FALSE,FALSE
1907,ECON,ECON,SOC,SOC,FALSE,FALSE
1908,SOCI,SOCI,SOC,SOC,FALSE,FALSE
1909,ECON,MATH,SOC,NAT,TRUE,TRUE
1910,CLAS,CLAS,HUM,HUM,FALSE,FALSE
1911,ENGL,HIST,HUM,SOC,TRUE,TRUE
1912,POLI,PHIL,SOC,HUM,TRUE,TRUE
1913,CSCI,CSCI,APP,APP,FALSE,FALSE
1914,ENVI,ENVI,NAT,NAT,FALSE,FALSE
1915,ANTH,ANTH,SOC,SOC,FALSE,FALSE
1916,ECON,ECON,SOC,SOC,FALSE,FALSE
1917,ARTH,HIST,HUM,SOC,TRUE,TRUE
1918,ARTH,ARTH,HUM,HUM,FALSE,FALSE
1919,THEA,THEA,HUM,HUM,FALSE,FALSE
1920,SOCI,SOCI,SOC,SOC,FALSE,FALSE
1921,PHIL,PHIL,HUM,HUM,FALSE,FALSE
1922,GSWS,HIST,SOC,SOC,FALSE,TRUE
1923,SOCI,SOCI,SOC,SOC,FALSE,FALSE
1924,ENVI,ENVI,NAT,NAT,FALSE,FALSE
1925,ECON,ECON,SOC,SOC,FALSE,FALSE
1926,ANTH,ANTH,SOC,SOC,FALSE,FALSE
1927,POLI,POLI,SOC,SOC,FALSE,FALSE
1928,GSWS,GSWS,SOC,SOC,FALSE,FALSE
1929,MATH,MATH,NAT,NAT,FALSE,FALSE
1930,ECON,ECON,SOC,SOC,FALSE,FALSE
1931,ASIA,ASIA,HUM,HUM,FALSE,FALSE
1932,ECON,ECON,SOC,SOC,FALSE,FALSE
1933,ASIA,ASIA,HUM,HUM,FALSE,FALSE
1934,MATH,MATH,NAT,NAT,FALSE,FALSE
1935,PSYC,PSYC,SOC,SOC,FALSE,FALSE
1936,BIOL,BIOL,NAT,NAT,FALSE,FALSE
1937,ECON,ECON,SOC,SOC,FALSE,FALSE
1938,HIST,ECON,SOC,SOC,FALSE,TRUE
1939,SPAN,SPAN,HUM,HUM,FALSE,FALSE
1940,SOCI,SOCI,SOC,SOC,FALSE,FALSE
1941,ECON,ECON,SOC,SOC,FALSE,FALSE
1942,ENVI,ENVI,NAT,NAT,FALSE,FALSE
1943,PSYC,PSYC,SOC,SOC,FALSE,FALSE
1944,PSYC,PSYC,SOC,SOC,FALSE,FALSE
1945,ENGL,ENGL,HUM,HUM,FALSE,FALSE
1946,ECON,ECON,SOC,SOC,FALSE,FALSE
1947,ART,ART,HUM,HUM,FALSE,FALSE
1948,PSYC,PSYC,SOC,SOC,FALSE,FALSE
1949,RELI,RELI,HUM,HUM,FALSE,FALSE
1950,CHEM,PHYS,NAT,NAT,FALSE,TRUE
1951,ENGL,ENGL,HUM,HUM,FALSE,FALSE
1952,ENGL,ENGL,HUM,HUM,FALSE,FALSE
1953,PHYS,PHYS,NAT,NAT,FALSE,FALSE
1954,ANTH,ANTH,SOC,SOC,FALSE,FALSE
1955,ENGL,ENGL,HUM,HUM,FALSE,FALSE
1956,POLI,POLI,SOC,SOC,FALSE,FALSE
1957,CHEM,CHEM,NAT,NAT,FALSE,FALSE
1958,PHYS,PHYS,NAT,NAT,FALSE,FALSE
1959,PSYC,PSYC,SOC,SOC,FALSE,FALSE
1960,PSYC,PSYC,SOC,SOC,FALSE,FALSE
1961,PHYS,PHYS,NAT,NAT,FALSE,FALSE
1962,POLI,POLI,SOC,SOC,FALSE,FALSE
1963,ENVI,ENVI,NAT,NAT,FALSE,FALSE
1964,MATH,MATH,NAT,NAT,FALSE,FALSE
1965,NEUR,PSYC,APP,SOC,TRUE,TRUE
1966,PSYC,PSYC,SOC,SOC,FALSE,FALSE
1967,POLI,POLI,SOC,SOC,FALSE,FALSE
1968,ENGL,ENGL,HUM,HUM,FALSE,FALSE
1969,PSYC,PSYC,SOC,SOC,FALSE,FALSE
1970,POLI,POLI,SOC,SOC,FALSE,FALSE
1971,ARTH,ASIA,HUM,HUM,FALSE,TRUE
1972,ECON,ECON,SOC,SOC,FALSE,FALSE
1973,SOCI,SOCI,SOC,SOC,FALSE,FALSE
1974,ECON,ECON,SOC,SOC,FALSE,FALSE
1975,AFAM,AFAM,SOC,SOC,FALSE,FALSE
1976,CHEM,CHEM,NAT,NAT,FALSE,FALSE
1977,PHIL,PHIL,HUM,HUM,FALSE,FALSE
1978,MATH,MATH,NAT,NAT,FALSE,FALSE
1979,NEUR,NEUR,APP,APP,FALSE,FALSE
1980,ENGL,THEA,HUM,HUM,FALSE,TRUE
1981,PHYS,PHYS,NAT,NAT,FALSE,FALSE
1982,ECON,ECON,SOC,SOC,FALSE,FALSE
1983,POLI,POLI,SOC,SOC,FALSE,FALSE
1984,POLI,SOCI,SOC,SOC,FALSE,TRUE
1985,ENVI,ENVI,NAT,NAT,FALSE,FALSE
1986,POLI,POLI,SOC,SOC,FALSE,FALSE
1987,NEUR,NEUR,APP,APP,FALSE,FALSE
1988,RHET,RHET,HUM,HUM,FALSE,FALSE
1989,NEUR,NEUR,APP,APP,FALSE,FALSE
1990,RHET,RHET,HUM,HUM,FALSE,FALSE
1991,ENGL,ENGL,HUM,HUM,FALSE,FALSE
1992,MUSC,MUSC,HUM,HUM,FALSE,FALSE
1993,ECON,ECON,SOC,SOC,FALSE,FALSE
1994,PHYS,PHYS,NAT,NAT,FALSE,FALSE
1995,ASIA,ASIA,HUM,HUM,FALSE,FALSE
1996,POLI,POLI,SOC,SOC,FALSE,FALSE
1997,PSYC,PSYC,SOC,SOC,FALSE,FALSE
1998,ECON,ECON,SOC,SOC,FALSE,FALSE
1999,POLI,POLI,SOC,SOC,FALSE,FALSE
2000,ASIA,ASIA,HUM,HUM,FALSE,FALSE
2001,CLAS,CLAS,HUM,HUM,FALSE,FALSE
2002,BIOL,BIOL,NAT,NAT,FALSE,FALSE
2003,ENGL,ENGL,HUM,HUM,FALSE,FALSE
2004,ANTH,ANTH,SOC,SOC,FALSE,FALSE
2005,PHIL,POLI,HUM,SOC,TRUE,TRUE
2006,RHET,RHET,HUM,HUM,FALSE,FALSE
2007,MATH,MATH,NAT,NAT,FALSE,FALSE
2008,NEUR,CSCI,APP,APP,FALSE,TRUE
2009,ECON,ECON,SOC,SOC,FALSE,FALSE
2010,ENVI,BIOL,NAT,NAT,FALSE,TRUE
2011,POLI,POLI,SOC,SOC,FALSE,FALSE
2012,ECON,ECON,SOC,SOC,FALSE,FALSE
2013,SOCI,SOCI,SOC,SOC,FALSE,FALSE
2014,MATH,MATH,NAT,NAT,FALSE,FALSE
2015,PSYC,NEUR,SOC,APP,TRUE,TRUE
2016,CSCI,MATH,APP,NAT,TRUE,TRUE
2017,ECON,ECON,SOC,SOC,FALSE,FALSE
2018,MATH,MATH,NAT,NAT,FALSE,FALSE
2019,CSCI,ASDS,APP,APP,FALSE,TRUE
2020,ASIA,ASIA,HUM,HUM,FALSE,FALSE
2021,ENVI,ENVI,NAT,NAT,FALSE,FALSE
2022,CHEM,CHEM,NAT,NAT,FALSE,FALSE
2023,ENVI,ENVI,NAT,NAT,FALSE,FALSE
2024,ECON,ECON,SOC,SOC,FALSE,FALSE
2025,CSCI,CSCI,APP,APP,FALSE,FALSE
2026,ENGL,HIST,HUM,SOC,TRUE,TRUE
2027,POLI,POLI,SOC,SOC,FALSE,FALSE
2028,BIOL,BIOL,NAT,NAT,FALSE,FALSE
2029,RHET,RHET,HUM,HUM,FALSE,FALSE
2030,NEUR,PSYC,APP,SOC,TRUE,TRUE
2031,PSYC,PSYC,SOC,SOC,FALSE,FALSE
2032,POLI,POLI,SOC,SOC,FALSE,FALSE
2033,PSYC,PSYC,SOC,SOC,FALSE,FALSE
2034,ECON,ECON,SOC,SOC,FALSE,FALSE
2035,PSYC,PSYC,SOC,SOC,FALSE,FALSE
2036,PSYC,PSYC,SOC,SOC,FALSE,FALSE
2037,SOCI,SOCI,SOC,SOC,FALSE,FALSE
2038,PSYC,PSYC,SOC,SOC,FALSE,FALSE
2039,BIOL,BIOL,NAT,NAT,FALSE,FALSE
2040,ECON,ECON,SOC,SOC,FALSE,FALSE
2041,SPAN,SPAN,HUM,HUM,FALSE,FALSE
2042,PSYC,PSYC,SOC,SOC,FALSE,FALSE
2043,CHEM,CHEM,NAT,NAT,FALSE,FALSE
2044,PHYS,PHYS,NAT,NAT,FALSE,FALSE
2045,FREN,FREN,HUM,HUM,FALSE,FALSE
2046,PHYS,PHYS,NAT,NAT,FALSE,FALSE
2047,RELI,RELI,HUM,HUM,FALSE,FALSE
2048,ECON,ECON,SOC,SOC,FALSE,FALSE
2049,POLI,POLI,SOC,SOC,FALSE,FALSE
2050,BIOL,BIOL,NAT,NAT,FALSE,FALSE
2051,MATH,MATH,NAT,NAT,FALSE,FALSE
2052,ENGL,ENGL,HUM,HUM,FALSE,FALSE
2053,ECON,ECON,SOC,SOC,FALSE,FALSE
2054,CSCI,CSCI,APP,APP,FALSE,FALSE
2055,PHYS,PHYS,NAT,NAT,FALSE,FALSE
2056,MATH,MATH,NAT,NAT,FALSE,FALSE
2057,ECON,ECON,SOC,SOC,FALSE,FALSE
2058,MATH,ASDS,NAT,APP,TRUE,TRUE
2059,ECON,ECON,SOC,SOC,FALSE,FALSE
2060,SOCI,SOCI,SOC,SOC,FALSE,FALSE
2061,HIST,ECON,SOC,SOC,FALSE,TRUE
2062,ECON,ECON,SOC,SOC,FALSE,FALSE
2063,SOCI,SOCI,SOC,SOC,FALSE,FALSE
2064,SOCI,SOCI,SOC,SOC,FALSE,FALSE
2065,HIST,HIST,SOC,SOC,FALSE,FALSE
2066,NEUR,NEUR,APP,APP,FALSE,FALSE
2067,CHEM,MATH,NAT,NAT,FALSE,TRUE
2068,POLI,POLI,SOC,SOC,FALSE,FALSE
2069,POLI,POLI,SOC,SOC,FALSE,FALSE
2070,NEUR,NEUR,APP,APP,FALSE,FALSE
2071,BIOL,ASDS,NAT,APP,TRUE,TRUE
2072,ENGL,ENGL,HUM,HUM,FALSE,FALSE
2073,ASIA,ANTH,HUM,SOC,TRUE,TRUE
2074,SOCI,SOCI,SOC,SOC,FALSE,FALSE
2075,CHEM,CHEM,NAT,NAT,FALSE,FALSE
2076,CHEM,CHEM,NAT,NAT,FALSE,FALSE
2077,PSYC,PSYC,SOC,SOC,FALSE,FALSE
2078,ART,ART,HUM,HUM,FALSE,FALSE
2079,ECON,ECON,SOC,SOC,FALSE,FALSE
2080,SOCI,HIST,SOC,SOC,FALSE,TRUE
2081,ECON,ECON,SOC,SOC,FALSE,FALSE
2082,POLI,POLI,SOC,SOC,FALSE,FALSE
2083,ECON,ECON,SOC,SOC,FALSE,FALSE
2084,MATH,MATH,NAT,NAT,FALSE,FALSE
2085,PSYC,PSYC,SOC,SOC,FALSE,FALSE
2086,POLI,POLI,SOC,SOC,FALSE,FALSE
2087,PSYC,PSYC,SOC,SOC,FALSE,FALSE
2088,ECON,ASDS,SOC,APP,TRUE,TRUE
2089,RHET,RHET,HUM,HUM,FALSE,FALSE
2090,PSYC,PSYC,SOC,SOC,FALSE,FALSE
2091,RHET,RHET,HUM,HUM,FALSE,FALSE
2092,HIST,ENGL,SOC,HUM,TRUE,TRUE
2093,ENVI,ENVI,NAT,NAT,FALSE,FALSE
2094,POLI,POLI,SOC,SOC,FALSE,FALSE
2095,POLI,POLI,SOC,SOC,FALSE,FALSE
2096,PHYS,PHYS,NAT,NAT,FALSE,FALSE
2097,ECON,ECON,SOC,SOC,FALSE,FALSE
2098,ECON,ECON,SOC,SOC,FALSE,FALSE
2099,MATH,CSCI,NAT,APP,TRUE,TRUE
2100,CHEM,CHEM,NAT,NAT,FALSE,FALSE
2101,HIST,HIST,SOC,SOC,FALSE,FALSE
2102,BIOL,BIOL,NAT,NAT,FALSE,FALSE
2103,MATH,MATH,NAT,NAT,FALSE,FALSE
2104,HIST,HIST,SOC,SOC,FALSE,FALSE
2105,CHEM,CHEM,NAT,NAT,FALSE,FALSE
2106,POLI,POLI,SOC,SOC,FALSE,FALSE
2107,RHET,RHET,HUM,HUM,FALSE,FALSE
2108,NEUR,NEUR,APP,APP,FALSE,FALSE
2109,MATH,MATH,NAT,NAT,FALSE,FALSE
2110,CHEM,CHEM,NAT,NAT,FALSE,FALSE
2111,ENGL,ENGL,HUM,HUM,FALSE,FALSE
2112,RELI,RELI,HUM,HUM,FALSE,FALSE
2113,ENGL,ENGL,HUM,HUM,FALSE,FALSE
2114,ASDS,ASDS,APP,APP,FALSE,FALSE
2115,ASIA,ASIA,HUM,HUM,FALSE,FALSE
2116,PHYS,PHYS,NAT,NAT,FALSE,FALSE
2117,ECON,ECON,SOC,SOC,FALSE,FALSE
2118,ECON,POLI,SOC,SOC,FALSE,TRUE
2119,GSWS,GSWS,SOC,SOC,FALSE,FALSE
2120,CHEM,NEUR,NAT,APP,TRUE,TRUE
2121,ENVI,ENVI,NAT,NAT,FALSE,FALSE
2122,POLI,POLI,SOC,SOC,FALSE,FALSE
2123,BIOL,BIOL,NAT,NAT,FALSE,FALSE
2124,SPAN,SPAN,HUM,HUM,FALSE,FALSE
2125,SOCI,ASDS,SOC,APP,TRUE,TRUE
2126,FREN,FREN,HUM,HUM,FALSE,FALSE
2127,POLI,POLI,SOC,SOC,FALSE,FALSE
2128,POLI,POLI,SOC,SOC,FALSE,FALSE
2129,PSYC,PSYC,SOC,SOC,FALSE,FALSE
2130,CHEM,CHEM,NAT,NAT,FALSE,FALSE
2131,ENVI,ENVI,NAT,NAT,FALSE,FALSE
2132,ECON,ECON,SOC,SOC,FALSE,FALSE
2133,CHEM,CHEM,NAT,NAT,FALSE,FALSE
2134,CSCI,CSCI,APP,APP,FALSE,FALSE
2135,PSYC,PSYC,SOC,SOC,FALSE,FALSE
2136,ENGL,ENGL,HUM,HUM,FALSE,FALSE
2137,ENGL,ENGL,HUM,HUM,FALSE,FALSE
2138,ARTH,ARTH,HUM,HUM,FALSE,FALSE
2139,POLI,POLI,SOC,SOC,FALSE,FALSE
2140,ECON,ECON,SOC,SOC,FALSE,FALSE
2141,SPAN,SPAN,HUM,HUM,FALSE,FALSE
2142,MATH,MATH,NAT,NAT,FALSE,FALSE
2143,HIST,HIST,SOC,SOC,FALSE,FALSE
2144,POLI,POLI,SOC,SOC,FALSE,FALSE
2145,ECON,ECON,SOC,SOC,FALSE,FALSE
2146,PHIL,PHIL,HUM,HUM,FALSE,FALSE
2147,SOCI,HIST,SOC,SOC,FALSE,TRUE
2148,ARTH,ARTH,HUM,HUM,FALSE,FALSE
2149,HIST,ENGL,SOC,HUM,TRUE,TRUE
2150,ECON,ECON,SOC,SOC,FALSE,FALSE
2151,PHIL,PHIL,HUM,HUM,FALSE,FALSE
2152,MATH,MATH,NAT,NAT,FALSE,FALSE
2153,BIOL,BIOL,NAT,NAT,FALSE,FALSE
2154,ECON,ECON,SOC,SOC,FALSE,FALSE
2155,PSYC,PSYC,SOC,SOC,FALSE,FALSE
2156,ENGL,ENGL,HUM,HUM,FALSE,FALSE
2157,PSYC,PSYC,SOC,SOC,FALSE,FALSE
2158,PSYC,PSYC,SOC,SOC,FALSE,FALSE
2159,ECON,ECON,SOC,SOC,FALSE,FALSE
2160,CLAS,CLAS,HUM,HUM,FALSE,FALSE
2161,MATH,PHYS,NAT,NAT,FALSE,TRUE
2162,CLAS,CLAS,HUM,HUM,FALSE,FALSE
2163,ENVI,BIOL,NAT,NAT,FALSE,TRUE
2164,PHIL,PHIL,HUM,HUM,FALSE,FALSE
2165,POLI,POLI,SOC,SOC,FALSE,FALSE
2166,CHEM,CHEM,NAT,NAT,FALSE,FALSE
2167,ECON,ECON,SOC,SOC,FALSE,FALSE
2168,RHET,ENGL,HUM,HUM,FALSE,TRUE
2169,SOCI,SOCI,SOC,SOC,FALSE,FALSE
2170,ECON,CSCI,SOC,APP,TRUE,TRUE
2171,ECON,ECON,SOC,SOC,FALSE,FALSE
2172,PSYC,PSYC,SOC,SOC,FALSE,FALSE
2173,ENVI,ENVI,NAT,NAT,FALSE,FALSE
2174,HIST,HIST,SOC,SOC,FALSE,FALSE
2175,ECON,POLI,SOC,SOC,FALSE,TRUE
2176,PSYC,PSYC,SOC,SOC,FALSE,FALSE
2177,PSYC,PSYC,SOC,SOC,FALSE,FALSE
2178,ECON,ECON,SOC,SOC,FALSE,FALSE
2179,PHIL,PHIL,HUM,HUM,FALSE,FALSE
2180,ENVI,ENVI,NAT,NAT,FALSE,FALSE
2181,PSYC,ASDS,SOC,APP,TRUE,TRUE
2182,ANTH,ANTH,SOC,SOC,FALSE,FALSE
2183,CHEM,CHEM,NAT,NAT,FALSE,FALSE
2184,PHIL,PHIL,HUM,HUM,FALSE,FALSE
2185,POLI,POLI,SOC,SOC,FALSE,FALSE
2186,PHYS,CHEM,NAT,NAT,FALSE,TRUE
2187,ECON,ASDS,SOC,APP,TRUE,TRUE
2188,ECON,ECON,SOC,SOC,FALSE,FALSE
2189,HIST,HIST,SOC,SOC,FALSE,FALSE
2190,ARTH,ARTH,HUM,HUM,FALSE,FALSE
2191,MATH,MATH,NAT,NAT,FALSE,FALSE
2192,BIOL,BIOL,NAT,NAT,FALSE,FALSE
2193,ARTH,ARTH,HUM,HUM,FALSE,FALSE
2194,ASIA,ASIA,HUM,HUM,FALSE,FALSE
2195,HIST,HIST,SOC,SOC,FALSE,FALSE
2196,PSYC,PSYC,SOC,SOC,FALSE,FALSE
2197,BIOL,BIOL,NAT,NAT,FALSE,FALSE
2198,ENVI,ENVI,NAT,NAT,FALSE,FALSE
2199,ASDS,ASDS,APP,APP,FALSE,FALSE
2200,CHEM,CHEM,NAT,NAT,FALSE,FALSE
2201,POLI,POLI,SOC,SOC,FALSE,FALSE
2202,ENGL,ENGL,HUM,HUM,FALSE,FALSE
2203,ECON,ECON,SOC,SOC,FALSE,FALSE
2204,POLI,ASDS,SOC,APP,TRUE,TRUE
2205,POLI,POLI,SOC,SOC,FALSE,FALSE
2206,MATH,MATH,NAT,NAT,FALSE,FALSE
2207,BIOL,BIOL,NAT,NAT,FALSE,FALSE
2208,PSYC,PSYC,SOC,SOC,FALSE,FALSE
2209,RHET,RHET,HUM,HUM,FALSE,FALSE
2210,POLI,POLI,SOC,SOC,FALSE,FALSE
2211,MATH,MATH,NAT,NAT,FALSE,FALSE
2212,ENVI,ENVI,NAT,NAT,FALSE,FALSE
2213,BIOL,ENVI,NAT,NAT,FALSE,TRUE
2214,HIST,HIST,SOC,SOC,FALSE,FALSE
2215,ECON,ECON,SOC,SOC,FALSE,FALSE
2216,POLI,POLI,SOC,SOC,FALSE,FALSE
2217,THEA,THEA,HUM,HUM,FALSE,FALSE
2218,ECON,ECON,SOC,SOC,FALSE,FALSE
2219,PHIL,PHIL,HUM,HUM,FALSE,FALSE
2220,SOCI,SOCI,SOC,SOC,FALSE,FALSE
2221,POLI,POLI,SOC,SOC,FALSE,FALSE
2222,SOCI,SOCI,SOC,SOC,FALSE,FALSE
2223,RHET,ENGL,HUM,HUM,FALSE,TRUE
2224,PSYC,PSYC,SOC,SOC,FALSE,FALSE
2225,MATH,MATH,NAT,NAT,FALSE,FALSE
2226,PSYC,PSYC,SOC,SOC,FALSE,FALSE
2227,NEUR,BIOL,APP,NAT,TRUE,TRUE
2228,ENVI,ENVI,NAT,NAT,FALSE,FALSE
2229,SOCI,SOCI,SOC,SOC,FALSE,FALSE
2230,CHEM,BIOL,NAT,NAT,FALSE,TRUE
2231,ECON,ECON,SOC,SOC,FALSE,FALSE
2232,NEUR,NEUR,APP,APP,FALSE,FALSE
2233,CSCI,CSCI,APP,APP,FALSE,FALSE
2234,MATH,MATH,NAT,NAT,FALSE,FALSE
2235,POLI,POLI,SOC,SOC,FALSE,FALSE
2236,ASIA,ASIA,HUM,HUM,FALSE,FALSE
2237,ENGL,RHET,HUM,HUM,FALSE,TRUE
2238,HIST,HIST,SOC,SOC,FALSE,FALSE
2239,ASIA,RELI,HUM,HUM,FALSE,TRUE
2240,FREN,HIST,HUM,SOC,TRUE,TRUE
2241,PSYC,PSYC,SOC,SOC,FALSE,FALSE
2242,PSYC,PSYC,SOC,SOC,FALSE,FALSE
2243,GSWS,SOCI,SOC,SOC,FALSE,TRUE
2244,ECON,CSCI,SOC,APP,TRUE,TRUE
2245,FREN,FREN,HUM,HUM,FALSE,FALSE
2246,ECON,ECON,SOC,SOC,FALSE,FALSE
2247,POLI,POLI,SOC,SOC,FALSE,FALSE
2248,PSYC,PSYC,SOC,SOC,FALSE,FALSE
2249,ENVI,CHEM,NAT,NAT,FALSE,TRUE
2250,HIST,HIST,SOC,SOC,FALSE,FALSE
2251,POLI,POLI,SOC,SOC,FALSE,FALSE
2252,PSYC,PSYC,SOC,SOC,FALSE,FALSE
2253,POLI,POLI,SOC,SOC,FALSE,FALSE
2254,PHIL,PHIL,HUM,HUM,FALSE,FALSE
2255,ENGL,ENGL,HUM,HUM,FALSE,FALSE
2256,CHEM,CHEM,NAT,NAT,FALSE,FALSE
2257,ECON,ECON,SOC,SOC,FALSE,FALSE
2258,MATH,MATH,NAT,NAT,FALSE,FALSE
2259,BIOL,BIOL,NAT,NAT,FALSE,FALSE
2260,SOCI,SOCI,SOC,SOC,FALSE,FALSE
2261,BIOL,BIOL,NAT,NAT,FALSE,FALSE
2262,SPAN,SPAN,HUM,HUM,FALSE,FALSE
2263,BIOL,BIOL,NAT,NAT,FALSE,FALSE
2264,HIST,HIST,SOC,SOC,FALSE,FALSE
2265,SOCI,SOCI,SOC,SOC,FALSE,FALSE
2266,ENGL,ENGL,HUM,HUM,FALSE,FALSE
2267,GSWS,GSWS,SOC,SOC,FALSE,FALSE
2268,PSYC,PSYC,SOC,SOC,FALSE,FALSE
2269,POLI,POLI,SOC,SOC,FALSE,FALSE
2270,CSCI,CSCI,APP,APP,FALSE,FALSE
2271,ECON,ECON,SOC,SOC,FALSE,FALSE
2272,ENVI,POLI,NAT,SOC,TRUE,TRUE
2273,CSCI,CSCI,APP,APP,FALSE,FALSE
2274,PSYC,PSYC,SOC,SOC,FALSE,FALSE
2275,MATH,MATH,NAT,NAT,FALSE,FALSE
2276,SOCI,SOCI,SOC,SOC,FALSE,FALSE
2277,HIST,HIST,SOC,SOC,FALSE,FALSE
2278,HIST,HIST,SOC,SOC,FALSE,FALSE
2279,ENGL,ENGL,HUM,HUM,FALSE,FALSE
2280,RHET,RHET,HUM,HUM,FALSE,FALSE
2281,PSYC,PSYC,SOC,SOC,FALSE,FALSE
2282,RHET,RHET,HUM,HUM,FALSE,FALSE
2283,THEA,THEA,HUM,HUM,FALSE,FALSE
2284,ENGL,HIST,HUM,SOC,TRUE,TRUE
2285,MATH,MATH,NAT,NAT,FALSE,FALSE
2286,MUSC,PSYC,HUM,SOC,TRUE,TRUE
2287,PHIL,PHIL,HUM,HUM,FALSE,FALSE
2288,ASIA,ASIA,HUM,HUM,FALSE,FALSE
2289,POLI,POLI,SOC,SOC,FALSE,FALSE
2290,SOCI,SOCI,SOC,SOC,FALSE,FALSE
2291,PSYC,PSYC,SOC,SOC,FALSE,FALSE
2292,BIOL,ASDS,NAT,APP,TRUE,TRUE
2293,POLI,POLI,SOC,SOC,FALSE,FALSE
2294,ECON,ECON,SOC,SOC,FALSE,FALSE
2295,ECON,ECON,SOC,SOC,FALSE,FALSE
2296,PHIL,PHIL,HUM,HUM,FALSE,FALSE
2297,CLAS,CLAS,HUM,HUM,FALSE,FALSE
2298,ECON,ECON,SOC,SOC,FALSE,FALSE
2299,POLI,POLI,SOC,SOC,FALSE,FALSE
2300,BIOL,BIOL,NAT,NAT,FALSE,FALSE
2301,BIOL,BIOL,NAT,NAT,FALSE,FALSE
2302,NEUR,NEUR,APP,APP,FALSE,FALSE
2303,THEA,THEA,HUM,HUM,FALSE,FALSE
2304,BIOL,CHEM,NAT,NAT,FALSE,TRUE
2305,RHET,RHET,HUM,HUM,FALSE,FALSE
2306,MATH,ECON,NAT,SOC,TRUE,TRUE
2307,RHET,RHET,HUM,HUM,FALSE,FALSE
2308,ART,ART,HUM,HUM,FALSE,FALSE
2309,ASDS,ASDS,APP,APP,FALSE,FALSE
2310,MUSC,MUSC,HUM,HUM,FALSE,FALSE
2311,SOCI,SOCI,SOC,SOC,FALSE,FALSE
2312,FREN,FREN,HUM,HUM,FALSE,FALSE
2313,RELI,RELI,HUM,HUM,FALSE,FALSE
2314,ART,ART,HUM,HUM,FALSE,FALSE
2315,HIST,HIST,SOC,SOC,FALSE,FALSE
2316,ECON,ECON,SOC,SOC,FALSE,FALSE
2317,PSYC,PSYC,SOC,SOC,FALSE,FALSE
2318,ENVI,ENVI,NAT,NAT,FALSE,FALSE
2319,PSYC,ASDS,SOC,APP,TRUE,TRUE
2320,CLAS,HIST,HUM,SOC,TRUE,TRUE
2321,RHET,RHET,HUM,HUM,FALSE,FALSE
2322,CSCI,CSCI,APP,APP,FALSE,FALSE
2323,ECON,ECON,SOC,SOC,FALSE,FALSE
2324,PHIL,PHIL,HUM,HUM,FALSE,FALSE
2325,CHEM,CHEM,NAT,NAT,FALSE,FALSE
2326,ARTH,ARTH,HUM,HUM,FALSE,FALSE
2327,ART,THEA,HUM,HUM,FALSE,TRUE
2328,PHYS,PHYS,NAT,NAT,FALSE,FALSE
2329,MATH,MATH,NAT,NAT,FALSE,FALSE
2330,ASIA,ASIA,HUM,HUM,FALSE,FALSE
2331,ENVI,ENVI,NAT,NAT,FALSE,FALSE
2332,POLI,SOCI,SOC,SOC,FALSE,TRUE
2333,PSYC,PSYC,SOC,SOC,FALSE,FALSE
2334,ENVI,ENVI,NAT,NAT,FALSE,FALSE
2335,ECON,ECON,SOC,SOC,FALSE,FALSE
2336,POLI,POLI,SOC,SOC,FALSE,FALSE
2337,POLI,POLI,SOC,SOC,FALSE,FALSE
2338,POLI,POLI,SOC,SOC,FALSE,FALSE
2339,RHET,RHET,HUM,HUM,FALSE,FALSE
2340,BIOL,BIOL,NAT,NAT,FALSE,FALSE
2341,ENGL,ENGL,HUM,HUM,FALSE,FALSE
2342,ASIA,ASIA,HUM,HUM,FALSE,FALSE
2343,CHEM,ENVI,NAT,NAT,FALSE,TRUE
2344,ECON,ASDS,SOC,APP,TRUE,TRUE
2345,SOCI,SOCI,SOC,SOC,FALSE,FALSE
2346,MATH,CSCI,NAT,APP,TRUE,TRUE
2347,ENVI,ENVI,NAT,NAT,FALSE,FALSE
2348,RELI,ASIA,HUM,HUM,FALSE,TRUE
2349,CHEM,CHEM,NAT,NAT,FALSE,FALSE
2350,PSYC,PSYC,SOC,SOC,FALSE,FALSE
2351,HIST,HIST,SOC,SOC,FALSE,FALSE
2352,PHIL,PHIL,HUM,HUM,FALSE,FALSE
2353,MATH,CSCI,NAT,APP,TRUE,TRUE
2354,ECON,ECON,SOC,SOC,FALSE,FALSE
2355,ART,ART,HUM,HUM,FALSE,FALSE
2356,SPAN,SPAN,HUM,HUM,FALSE,FALSE
2357,ECON,MATH,SOC,NAT,TRUE,TRUE
2358,CSCI,CSCI,APP,APP,FALSE,FALSE
2359,SPAN,SPAN,HUM,HUM,FALSE,FALSE
2360,MATH,MATH,NAT,NAT,FALSE,FALSE
2361,RHET,RHET,HUM,HUM,FALSE,FALSE
2362,BIOL,BIOL,NAT,NAT,FALSE,FALSE
2363,PSYC,NEUR,SOC,APP,TRUE,TRUE
2364,PSYC,PSYC,SOC,SOC,FALSE,FALSE
2365,ENVI,ENVI,NAT,NAT,FALSE,FALSE
2366,ECON,ECON,SOC,SOC,FALSE,FALSE
2367,POLI,POLI,SOC,SOC,FALSE,FALSE
2368,ECON,ECON,SOC,SOC,FALSE,FALSE
2369,ECON,CSCI,SOC,APP,TRUE,TRUE
2370,ARTH,ARTH,HUM,HUM,FALSE,FALSE
2371,PSYC,PSYC,SOC,SOC,FALSE,FALSE
2372,ENVI,ENVI,NAT,NAT,FALSE,FALSE
2373,POLI,POLI,SOC,SOC,FALSE,FALSE
2374,BIOL,BIOL,NAT,NAT,FALSE,FALSE
2375,POLI,POLI,SOC,SOC,FALSE,FALSE
2376,POLI,POLI,SOC,SOC,FALSE,FALSE
2377,ENVI,ENVI,NAT,NAT,FALSE,FALSE
2378,CHEM,CHEM,NAT,NAT,FALSE,FALSE
2379,PSYC,PSYC,SOC,SOC,FALSE,FALSE
2380,PSYC,PSYC,SOC,SOC,FALSE,FALSE
2381,MATH,MATH,NAT,NAT,FALSE,FALSE
2382,PHIL,PHIL,HUM,HUM,FALSE,FALSE
2383,PHYS,ASDS,NAT,APP,TRUE,TRUE
2384,PHYS,PHYS,NAT,NAT,FALSE,FALSE
2385,CSCI,CSCI,APP,APP,FALSE,FALSE
2386,FREN,FREN,HUM,HUM,FALSE,FALSE
2387,PHYS,PHYS,NAT,NAT,FALSE,FALSE
2388,BIOL,BIOL,NAT,NAT,FALSE,FALSE
2389,SOCI,SOCI,SOC,SOC,FALSE,FALSE
2390,CSCI,CSCI,APP,APP,FALSE,FALSE
2391,SPAN,SPAN,HUM,HUM,FALSE,FALSE
2392,PSYC,PSYC,SOC,SOC,FALSE,FALSE
2393,ECON,ECON,SOC,SOC,FALSE,FALSE
2394,PHYS,PHYS,NAT,NAT,FALSE,FALSE
2395,PSYC,PSYC,SOC,SOC,FALSE,FALSE
2396,HIST,HIST,SOC,SOC,FALSE,FALSE
2397,HIST,HIST,SOC,SOC,FALSE,FALSE
2398,THEA,ART,HUM,HUM,FALSE,TRUE
2399,MATH,MATH,NAT,NAT,FALSE,FALSE
2400,NEUR,NEUR,APP,APP,FALSE,FALSE
2401,ECON,ECON,SOC,SOC,FALSE,FALSE
2402,ECON,ASDS,SOC,APP,TRUE,TRUE
2403,CHEM,CHEM,NAT,NAT,FALSE,FALSE
2404,ENGL,THEA,HUM,HUM,FALSE,TRUE
2405,HIST,HIST,SOC,SOC,FALSE,FALSE
2406,RELI,RELI,HUM,HUM,FALSE,FALSE
2407,MATH,MATH,NAT,NAT,FALSE,FALSE
2408,POLI,POLI,SOC,SOC,FALSE,FALSE
2409,CSCI,CSCI,APP,APP,FALSE,FALSE
2410,PHYS,PHYS,NAT,NAT,FALSE,FALSE
2411,PHIL,PHIL,HUM,HUM,FALSE,FALSE
2412,SOCI,SOCI,SOC,SOC,FALSE,FALSE
2413,PSYC,PSYC,SOC,SOC,FALSE,FALSE
2414,BIOL,BIOL,NAT,NAT,FALSE,FALSE
2415,ART,ART,HUM,HUM,FALSE,FALSE
2416,PHYS,CSCI,NAT,APP,TRUE,TRUE
2417,MATH,MATH,NAT,NAT,FALSE,FALSE
2418,NEUR,PSYC,APP,SOC,TRUE,TRUE
2419,POLI,POLI,SOC,SOC,FALSE,FALSE
2420,POLI,POLI,SOC,SOC,FALSE,FALSE
2421,ECON,ECON,SOC,SOC,FALSE,FALSE
2422,HIST,ECON,SOC,SOC,FALSE,TRUE
2423,PHIL,PHIL,HUM,HUM,FALSE,FALSE
2424,PHYS,PHYS,NAT,NAT,FALSE,FALSE
2425,HIST,HIST,SOC,SOC,FALSE,FALSE
2426,PSYC,PSYC,SOC,SOC,FALSE,FALSE
2427,THEA,THEA,HUM,HUM,FALSE,FALSE
2428,SPAN,SPAN,HUM,HUM,FALSE,FALSE
2429,CHEM,CHEM,NAT,NAT,FALSE,FALSE
2430,ECON,ECON,SOC,SOC,FALSE,FALSE
2431,ENVI,BIOL,NAT,NAT,FALSE,TRUE
2432,RELI,RELI,HUM,HUM,FALSE,FALSE
2433,CLAS,HIST,HUM,SOC,TRUE,TRUE
2434,SOCI,SOCI,SOC,SOC,FALSE,FALSE
2435,PSYC,PSYC,SOC,SOC,FALSE,FALSE
2436,POLI,POLI,SOC,SOC,FALSE,FALSE
2437,MATH,MATH,NAT,NAT,FALSE,FALSE
2438,SPAN,SPAN,HUM,HUM,FALSE,FALSE
2439,MATH,MATH,NAT,NAT,FALSE,FALSE
2440,SOCI,SOCI,SOC,SOC,FALSE,FALSE
2441,MATH,MATH,NAT,NAT,FALSE,FALSE
2442,ASIA,RELI,HUM,HUM,FALSE,TRUE
2443,ENGL,ENGL,HUM,HUM,FALSE,FALSE
2444,POLI,HIST,SOC,SOC,FALSE,TRUE
2445,ENVI,ENVI,NAT,NAT,FALSE,FALSE
2446,POLI,HIST,SOC,SOC,FALSE,TRUE
2447,ANTH,ANTH,SOC,SOC,FALSE,FALSE
2448,BIOL,BIOL,NAT,NAT,FALSE,FALSE
2449,PSYC,PSYC,SOC,SOC,FALSE,FALSE
2450,PSYC,PSYC,SOC,SOC,FALSE,FALSE
